Source_Station_Name,Destination_Station_Name,Train_Count
TAMBARAM,CHENNAI BEACH,137
CHENNAI BEACH,TAMBARAM,137
CST-MUMBAI,PANVEL,94
PANVEL,CST-MUMBAI,93
RAVLI JN,CST-MUMBAI,90
CST-MUMBAI,RAVLI JN,90
VELACHEERY,CHENNAI BEACH,89
CHENNAI BEACH,VELACHEERY,87
CST-MUMBAI,THANE,77
THANE,CST-MUMBAI,72
KALYAN JN,CST-MUMBAI,70
CHENNAI BEACH,CHENGALPATTU,67
CHENGALPATTU,CHENNAI BEACH,67
CST-MUMBAI,KALYAN JN,66
VASHI,THANE,52
THANE,VASHI,52
BARDDHAMAN JN.,HOWRAH JN.,48
HOWRAH JN.,BARDDHAMAN JN.,48
BELAPUR C.B.D,CST-MUMBAI,43
HOWRAH JN.,BANDEL JN.,42
BANDEL JN.,HOWRAH JN.,41
KALYAN JN,AMBERNATH,39
AMBERNATH,KALYAN JN,38
TITVALA,KALYAN JN,38
KALYAN JN,TITVALA,38
CST-MUMBAI,VASHI,37
CST-MUMBAI,BELAPUR C.B.D,36
KALYAN JN,BADLAPUR,35
BADLAPUR,KALYAN JN,34
TIRUVALLUR,MOOR MARKET,31
LINGAMPALLI,FALAKNUMA,30
VASHI,CST-MUMBAI,30
DOMBIVLI,CST-MUMBAI,29
MOOR MARKET,TIRUVALLUR,29
BUDGE BUDGE,SEALDAH,28
CST-MUMBAI,KURLA,28
THANE,NERUL,28
NERUL,THANE,28
SEALDAH,BANGAON JN.,28
SEALDAH,BUDGE BUDGE,28
KARJAT,KALYAN JN,28
FALAKNUMA,LINGAMPALLI,28
KALYAN JN,KARJAT,27
CST-MUMBAI,DOMBIVLI,27
HYDERABAD DECCAN,LINGAMPALLI,26
BANGAON JN.,SEALDAH,26
CANNING,SEALDAH,25
SEALDAH,DIAMOND HARBOUR,25
DIAMOND HARBOUR,SEALDAH,25
LAKSHMIKANTAPUR,SEALDAH,24
MOOR MARKET,ARAKKONAM JN,24
KURLA,CST-MUMBAI,24
LINGAMPALLI,HYDERABAD DECCAN,23
GUMMIDIPUNDI,MOOR MARKET,23
MOOR MARKET,GUMMIDIPUNDI,23
SEALDAH,CANNING,23
PANVEL,THANE,22
SEALDAH,LAKSHMIKANTAPUR,22
TARAKESHWAR,HOWRAH JN.,22
HOWRAH JN.,TARAKESHWAR,21
THANE,PANVEL,21
DADAR,KALYAN JN,21
DANKUNI JN.,SEALDAH,21
ARAKKONAM JN,MOOR MARKET,21
BARUIPUR JN.,SEALDAH,20
SEALDAH,DANKUNI JN.,20
ASANGAON,KALYAN JN,20
SEALDAH,NAIHATI JN.,20
NAIHATI JN.,SEALDAH,20
SEALDAH,BARUIPUR JN.,20
KALYAN JN,ASANGAON,19
NAIHATI JN.,BANDEL JN.,19
BANDEL JN.,NAIHATI JN.,19
HOWRAH JN.,PANSKURA,19
KALYAN JN,KASARA,18
KASARA,KALYAN JN,18
SEALDAH,KRISHNA NAGAR CITY JN.,18
KRISHNA NAGAR CITY JN.,SEALDAH,18
MOOR MARKET,AVADI,18
LONAVLA,PUNE JN.,17
KALYAN JN,DADAR,17
SEALDAH,BARRACKPORE,16
PUNE JN.,LONAVLA,16
PATTABIRAM E DEPOT,MOOR MARKET,16
SEALDAH,SHANTIPUR JN.,16
SHANTIPUR JN.,SEALDAH,16
HOWRAH JN.,MIDNAPORE,16
SEALDAH,KALYANI SIMANTA,15
BARRACKPORE,SEALDAH,15
RANAGHAT JN.,BANGAON JN.,15
MIDNAPORE,HOWRAH JN.,15
MOOR MARKET,PATTABIRAM E DEPOT,14
RANAGHAT JN.,SEALDAH,14
HASANABAD,SEALDAH,14
KALYANI SIMANTA,SEALDAH,14
BANGAON JN.,RANAGHAT JN.,14
SEALDAH,SONARPUR JN.,13
AVADI,MOOR MARKET,13
MOOR MARKET,SULLURUPETTA,13
SEALDAH,RANAGHAT JN.,13
SEORAPHULI JN.,HOWRAH JN.,13
SEALDAH,HASANABAD,12
MUMBAI VADALA ROAD,PANVEL,12
AVADI,VELACHEERY,12
HOWRAH JN.,SEORAPHULI JN.,12
VIRAR,DAHANU ROAD,12
AVADI,CHENNAI BEACH,12
NAMKHANA,LAKSHMIKANTAPUR,12
SULLURUPETTA,MOOR MARKET,12
PANVEL,MUMBAI VADALA ROAD,12
LAKSHMIKANTAPUR,NAMKHANA,12
SONARPUR JN.,SEALDAH,11
PANSKURA,HOWRAH JN.,11
BARDDHAMAN JN.,ASANSOL MAIN,11
GHAZIABAD JN.,NEW DELHI,11
TIRUMALPUR,CHENNAI BEACH,11
ASANSOL MAIN,BARDDHAMAN JN.,11
GAYA JN.,PATNA JN.,11
CHENNAI BEACH,TIRUMALPUR,11
PATNA JN.,GAYA JN.,11
DAHANU ROAD,VIRAR,10
DATTAPUKUR,SEALDAH,10
SEALDAH,GEDE,10
JASIDIH JN.,BAIDYANATHDHAM,10
TIRUTTANI,MOOR MARKET,10
SEALDAH,BARASAT JN.,10
PALASDARI,KARJAT,10
LUCKNOW JN.,KANPUR CENTRAL JN.,9
DARJEELING,DARJEELING,9
HOWRAH JN.,KATWA JN.,9
GEDE,RANAGHAT JN.,9
RAVLI JN,PANVEL,9
AZIMGANJ JN.,KATWA JN.,9
MOOR MARKET,TIRUTTANI,9
KALYAN JN,PALASDARI,9
CHENNAI BEACH,TIRUVALLUR,9
KATWA JN.,HOWRAH JN.,9
RANAGHAT JN.,GEDE,9
GEDE,SEALDAH,9
MERTA CITY,MERTA ROAD JN.,9
KATWA JN.,BANDEL JN.,9
KATWA JN.,AZIMGANJ JN.,9
MERTA ROAD JN.,MERTA CITY,9
HOWRAH JN.,ARAMBAG,8
GHAZIABAD JN.,DELHI JN.,8
KARJAT,PALASDARI,8
MUMBAI CENTRAL,AHMEDABAD,8
VASHI,MUMBAI VADALA ROAD,8
KHAMBHAT,ANAND JN.,8
VIDYAVIHAR,KALYAN JN,8
ANAND JN.,KHAMBHAT,8
BAIDYANATHDHAM,JASIDIH JN.,8
ARAMBAG,HOWRAH JN.,8
AHMEDABAD,MUMBAI CENTRAL,8
KANPUR CENTRAL JN.,LUCKNOW JN.,8
BARASAT JN.,HASANABAD,8
NEW DELHI,GHAZIABAD JN.,8
JOGBANI,KATIHAR JN.,8
KHARAGPUR,HOWRAH JN.,8
KALYAN JN,THANE,8
HOWRAH JN.,PURI,8
DELHI JN.,GHAZIABAD JN.,8
TINPAHAR JN.,RAJMAHAL,8
RAJMAHAL,TINPAHAR JN.,8
MORADABAD JN.,RAMNAGAR,7
SEALDAH,DATTAPUKUR,7
GORAKHPUR JN.,LOKMANYA TILAK TERMINUS,7
BANDEL JN.,KATWA JN.,7
DELHI JN.,REWARI JN.,7
RAMNAGAR,MORADABAD JN.,7
INDORE BG,MHOW,7
HABRA,SEALDAH,7
LOKMANYA TILAK TERMINUS,GORAKHPUR JN.,7
AMRAVATI,BADNERA JN.,7
REWARI JN.,DELHI JN.,7
SAHARANPUR JN.,DELHI JN.,7
MECHEDA,HOWRAH JN.,7
VELACHEERY,TIRUVALLUR,7
HOWRAH JN.,KHARAGPUR,7
BADNERA JN.,AMRAVATI,7
CHENNAI BEACH,AVADI,7
PURI,HOWRAH JN.,7
THANE,DADAR,7
KATIHAR JN.,JOGBANI,7
PALASDARI,KALYAN JN,7
VELACHEERY,AVADI,7
MHOW,INDORE BG,7
DELHI JN.,SAHARANPUR JN.,7
GORAKHPUR JN.,NAUTANWA,6
JALANDHAR CITY JN.,HOSHIARPUR,6
FALAKNUMA,UMDANAGAR,6
BUDGAM,BANIHAL,6
JALANDHAR CITY JN.,FIROZPUR CANTT JN.,6
BARDDHAMAN JN.,BALGONA,6
SEALDAH,LALGOLA,6
MYSORE JN.,KRANTIVIRA SANGOLLI RAYANNA (BENGALURU STATION),6
CHURCHGATE,DAHANU ROAD,6
VADODARA JN.,AHMEDABAD,6
PATHANKOT JN.,AMRITSAR JN.,6
BAHRAICH,MAILANI JN.,6
HOWRAH JN.,BELURMATH,6
FIROZPUR CANTT JN.,LUDHIANA JN.,6
HOSHIARPUR,JALANDHAR CITY JN.,6
FIROZPUR CANTT JN.,JALANDHAR CITY JN.,6
BELURMATH,HOWRAH JN.,6
NAUTANWA,GORAKHPUR JN.,6
BANIHAL,BUDGAM,6
BARASAT JN.,SEALDAH,6
AMRITSAR JN.,PATHANKOT JN.,6
NEW DELHI,PALWAL,6
PUNE JN.,CST-MUMBAI,6
CHENNAI CENTRAL,KRANTIVIRA SANGOLLI RAYANNA (BENGALURU STATION),6
SAHARSA JN.,SAMASTIPUR JN.,6
MAILANI JN.,BAHRAICH,6
KRANTIVIRA SANGOLLI RAYANNA (BENGALURU STATION),MYSORE JN.,6
CST-MUMBAI,PUNE JN.,6
LALGOLA,SEALDAH,6
KRANTIVIRA SANGOLLI RAYANNA (BENGALURU STATION),CHENNAI CENTRAL,6
LUDHIANA JN.,FIROZPUR CANTT JN.,6
SAMASTIPUR JN.,SAHARSA JN.,6
KRANTIVIRA SANGOLLI RAYANNA (BENGALURU STATION),MARIKUPPAM,5
HASANABAD,BARASAT JN.,5
GONDIA JN.,KATANGI,5
MAILANI JN.,PILIBHIT JN.,5
HOWRAH JN.,CST-MUMBAI,5
SALUR,BOBBILI JN.,5
DURAUNDHA JN,MAHARAJGANJ,5
NAJIBABAD JN.,KOTDWARA,5
SHIMLA,KALKA,5
DURG,RAIPUR JN.,5
HOWRAH JN.,NEW DELHI,5
TATANAGAR JN,KHARAGPUR,5
CHENNAI CENTRAL,COIMBATORE  JN.,5
NARKATIAGANJ JN.,GORAKHPUR JN.,5
NARKATIAGANJ JN.,MUZAFFARPUR JN.,5
HOWRAH JN.,SHRIRAMPUR,5
PILIBHIT JN.,SHAHJAHANPUR JN,5
PILIBHIT JN.,MAILANI JN.,5
PILIBHIT JN.,BAREILLY CITY,5
COIMBATORE  JN.,CHENNAI CENTRAL,5
GIRDIH,MADHUPUR JN.,5
HAZRAT NIZAMUDDIN JN,TRIVANDRUM CENTRAL,5
RAIPUR JN.,DURG,5
MATHURA JN.,VRINDAVAN,5
MAHARAJGANJ,DURAUNDHA JN,5
SHORANUR JN.,NILAMBUR ROAD,5
UMDANAGAR,FALAKNUMA,5
SONARPUR JN.,CANNING,5
LUCKNOW JN.,VARANASI JN.,5
ARAMBAG,TARAKESHWAR,5
KALYAN JN,KURLA,5
DELHI JN.,SHAMLI,5
MUZAFFARPUR JN.,NARKATIAGANJ JN.,5
KOTDWARA,NAJIBABAD JN.,5
LALKUA JN.,BAREILLY CITY,5
AIT JN,KONCH,5
FAZILKA JN.,FIROZPUR CANTT JN.,5
PALWAL,SHAKUR BASTI,5
DAHANU ROAD,CHURCHGATE,5
AHMEDABAD,ANAND JN.,5
WANKANER,MORVI,5
VRINDAVAN,MATHURA JN.,5
KONCH,AIT JN,5
SHAHJAHANPUR JN,PILIBHIT JN.,5
JAMALPUR JN.,KIUL JN.,5
AHMEDABAD,VADODARA JN.,5
BARDDHAMAN JN.,RAMPUR HAT,5
BAREILLY CITY,KASGANJ JN.,5
BAREILLY CITY,LALKUA JN.,5
BAREILLY CITY,PILIBHIT JN.,5
FALAKNUMA,HYDERABAD DECCAN,5
NILAMBUR ROAD,SHORANUR JN.,5
RAMPUR HAT,BARDDHAMAN JN.,5
TRIVANDRUM CENTRAL,HAZRAT NIZAMUDDIN JN,5
SHAMLI,DELHI JN.,5
SECUNDERABAD JN.,TIRUPATI,5
NEW BONGAIGAON  JN.,GUWAHATI,5
ERNAKULAM. JN,QUILON,5
DELHI JN.,PANIPAT JN.,5
FIROZPUR CANTT JN.,FAZILKA JN.,5
TIRUVALLUR,VELACHEERY,5
BARAMULLA,BANIHAL,5
BELAPUR C.B.D,MUMBAI VADALA ROAD,5
BANGARPET JN.,MARIKUPPAM,5
SECUNDERABAD JN.,VISAKHAPATNAM,5
TIRUVALLUR,CHENNAI BEACH,5
BANIHAL,BARAMULLA,5
VISAKHAPATNAM,SECUNDERABAD JN.,5
TIRUPATI,VISAKHAPATNAM,5
TIRUPATI,SECUNDERABAD JN.,5
NEW DELHI,HOWRAH JN.,5
NEW DELHI,AMRITSAR JN.,5
GUWAHATI,NEW BONGAIGAON  JN.,5
SEALDAH,HABRA,5
MACHILIPATNAM,VIJAYWADA JN.,5
GRAM MASAGRAM,BANKURA,5
MUMBAI VADALA ROAD,BELAPUR C.B.D,5
MADHUPUR JN.,GIRDIH,5
MORVI,WANKANER,5
GUNTUR JN.,VIJAYWADA JN.,5
BOBBILI JN.,SALUR,5
AMRITSAR JN.,NEW DELHI,5
CST-MUMBAI,HOWRAH JN.,5
KIUL JN.,JAMALPUR JN.,5
KATANGI,GONDIA JN.,5
SHRIRAMPUR,HOWRAH JN.,5
QUILON,ERNAKULAM. JN,5
KALKA,SHIMLA,5
KHARAGPUR,TATANAGAR JN,5
KASGANJ JN.,BAREILLY CITY,5
VARANASI JN.,LUCKNOW JN.,5
GORAKHPUR JN.,NARKATIAGANJ JN.,5
BANDRA TERMINUS,HAZRAT NIZAMUDDIN JN,4
TEZNARAYANPUR,KATIHAR JN.,4
CHENNAI BEACH,PATTABIRAM E DEPOT,4
GAYA JN.,KIUL JN.,4
YESVANTPUR JN.,HOWRAH JN.,4
THANE,BELAPUR C.B.D,4
JIND JN,KURUKSHETRA JN.,4
BALGONA,BARDDHAMAN JN.,4
AMBALA CANTT JN,KURUKSHETRA JN.,4
MORADABAD JN.,SAMBAHAL HATIM SARAI,4
KURUKSHETRA JN.,AMBALA CANTT JN,4
KATIHAR JN.,TEZNARAYANPUR,4
HOWRAH JN.,YESVANTPUR JN.,4
THANJAVUR JN.,TIRUCHIRAPPALLI JN.,4
TRIVANDRUM CENTRAL,CHENNAI CENTRAL,4
THAWE JN.,SIWAN JN.,4
LUCKNOW JN.,BARA BANKI JN.,4
HOWRAH JN.,MEMARI,4
SAINTHIA JN.,ANDAL JN.,4
KURLA,KALYAN JN,4
DADAR,THANE,4
METTUPALAIYAM JN.,COIMBATORE  JN.,4
SECUNDERABAD JN.,MEDCHAL,4
HOWRAH JN.,MASAGRAM,4
RANCHI,NEW DELHI,4
PATAN,MAHESANA JN,4
SANAWAD,MHOW,4
BHAVNAGAR TERMINUS,PALITANA,4
PUNE JN.,SOLAPUR,4
TARN TARAN,BEAS JN,4
PATHANKOT JN.,BAIJNATH PAPROLA,4
MHOW,RATLAM JN,4
JODHPUR JN.,BARMER,4
TENALI JN.,GUNTUR JN.,4
NAKODAR JN.,JALANDHAR CITY JN.,4
GANDHIGRAM,BOTAD JN (MG),4
PALWAL,GHAZIABAD JN.,4
NEW DELHI,RANCHI,4
PALITANA,BHAVNAGAR TERMINUS,4
TIRUPATI,KATPADI JN,4
KIUL JN.,GAYA JN.,4
CHENNAI CENTRAL,QUILON,4
BUDGAM,BARAMULLA,4
TIRUCHIRAPPALLI JN.,MAYILADUTURAI JN.,4
TIRUCHIRAPPALLI JN.,THANJAVUR JN.,4
TARAKESHWAR,ARAMBAG,4
GUDIVADA JN.,MACHILIPATNAM,4
RAMPUR HAT,AZIMGANJ JN.,4
GUDIVADA JN.,NARASAPUR,4
ITWARI JN.,NAGBHIR JN.,4
VELACHEERY,GUMMIDIPUNDI,4
JALANDHAR CITY JN.,NAKODAR JN.,4
GUMMIDIPUNDI,CHENNAI BEACH,4
LOHIAN KHAS JN.,LUDHIANA JN.,4
CHENNAI CENTRAL,TRIVANDRUM CENTRAL,4
VELACHEERY,PATTABIRAM E DEPOT,4
BOTAD JN (MG),GANDHIGRAM,4
PUNE JN.,TALEGAON,4
MHOW,SANAWAD,4
RANAGHAT JN.,KRISHNA NAGAR CITY JN.,4
ANAND JN.,GODHRA JN.,4
KURUKSHETRA JN.,JIND JN,4
MANDUADIH,ALLAHABAD CITY,4
VASAI ROAD,DIVA JN,4
ANAND JN.,AHMEDABAD,4
SAMBAHAL HATIM SARAI,MORADABAD JN.,4
NEW DELHI,BHUBANESWAR,4
GUNTUR JN.,TENALI JN.,4
LALGOLA,RANAGHAT JN.,4
BEAS JN,TARN TARAN,4
BANKURA,GRAM MASAGRAM,4
AMRITSAR JN.,SAHARSA JN.,4
BARA BANKI JN.,LUCKNOW JN.,4
BARAMULLA,BUDGAM,4
BARASAT JN.,BANGAON JN.,4
CST-MUMBAI,NAGPUR JN.(CR),4
TIRUCHENDUR,TIRUNELVELI JN,4
INDARA JN.,DOHRIGHAT,4
SAHARSA JN.,AMRITSAR JN.,4
VIJAYWADA JN.,MACHILIPATNAM,4
MANOHARABAD,SECUNDERABAD JN.,4
ANDAL JN.,SAINTHIA JN.,4
MAHESANA JN,PATAN,4
GORAKHPUR JN.,GONDA JN.,4
MAYILADUTURAI JN.,TIRUCHIRAPPALLI JN.,4
LUDHIANA JN.,LOHIAN KHAS JN.,4
MARIKUPPAM,BANGARPET JN.,4
CHENNAI BEACH,GUMMIDIPUNDI,4
CHAMRAJANAGAR,MYSORE JN.,4
VIJAYWADA JN.,GUNTUR JN.,4
MARIKUPPAM,KRANTIVIRA SANGOLLI RAYANNA (BENGALURU STATION),4
AZIMGANJ JN.,RAMPUR HAT,4
ANUPGARH,SURATGARH JN.,4
GONDA JN.,GORAKHPUR JN.,4
SURATGARH JN.,ANUPGARH,4
MEMARI,HOWRAH JN.,4
BILASPUR JN.,GEVRA-ROAD,4
DOMBIVLI,DADAR,4
COIMBATORE  JN.,METTUPALAIYAM JN.,4
DOHRIGHAT,INDARA JN.,4
SHRI GANGANAGAR,SURATGARH JN.,4
MYSORE JN.,CHAMRAJANAGAR,4
HAZRAT NIZAMUDDIN JN,BANDRA TERMINUS,4
PUNE JN.,DAUND JN.,4
RATLAM JN,MHOW,4
ANAND VIHAR TERMINAL,RAXAUL JN.,4
MASAGRAM,HOWRAH JN.,4
RAXAUL JN.,ANAND VIHAR TERMINAL,4
CHANDANPUR,HOWRAH JN.,4
QUILON,CHENNAI CENTRAL,4
BHUBANESWAR,NEW DELHI,4
NAGBHIR JN.,ITWARI JN.,4
RAIPUR JN.,DONGAR GARH,4
HOWRAH JN.,CHANDANPUR,4
TIRUNELVELI JN,TIRUCHENDUR,4
ARAKKONAM JN,CHENNAI BEACH,4
BAIJNATH PAPROLA,PATHANKOT JN.,4
ROHTAK JN.,DELHI JN.,4
KATIHAR JN.,RADHIKAPUR,4
ARAKKONAM JN,VELACHEERY,4
SIWAN JN.,THAWE JN.,4
DELHI JN.,ROHTAK JN.,4
HAZRAT NIZAMUDDIN JN,HAZRAT NIZAMUDDIN JN,4
RADHIKAPUR,KATIHAR JN.,4
SOLAPUR,PUNE JN.,4
ROHTAK JN.,JIND JN,4
GODHRA JN.,ANAND JN.,3
PANVEL,BELAPUR C.B.D,3
PILIBHIT JN.,MAJHOLA PAKARIYA,3
MACHILIPATNAM,GUDIVADA JN.,3
HAZRAT NIZAMUDDIN JN,JABALPUR,3
BATHINDA JN,FAZILKA JN.,3
HYDERABAD DECCAN,QUILON,3
BHUSAVAL JN.,SURAT,3
PANIPAT JN.,NEW DELHI,3
HANSDIHA,BHAGALPUR,3
CHALISGAON JN.,DHULE,3
CHENNAI CENTRAL,MYSORE JN.,3
HAZRAT NIZAMUDDIN JN,ERNAKULAM. JN,3
PURI,NEW DELHI,3
TIRODI,TUMSAR RD,3
RAMANAGARAM,KRANTIVIRA SANGOLLI RAYANNA (BENGALURU STATION),3
PANIPAT JN.,AMBALA CANTT JN,3
BARHNI,GORAKHPUR JN.,3
TIRUNELVELI JN,SENGOTTAI JN,3
JAIPUR JN.,BANDRA TERMINUS,3
JAIJON DOABA,JALANDHAR CITY JN.,3
SHAKUR BASTI,PALWAL,3
HARIDWAR JN,RISHIKESH,3
BIKANER JN.,DELHI-SARAI ROHILLA,3
TIRUNELVELI JN,CHENNAI EGMORE,3
JABALPUR,HAZRAT NIZAMUDDIN JN,3
CHENNAI CENTRAL,TIRUPATI,3
MANGALORE CENTRAL,CHENNAI CENTRAL,3
FARRUKHABAD JN,KASGANJ JN.,3
BARMER,JODHPUR JN.,3
GONDIA JN.,ITWARI JN.,3
GUMMIDIPUNDI,VELACHEERY,3
PONDICHERRY,VILLUPURAM JN.,3
PALWAL,NEW DELHI,3
HAZRAT NIZAMUDDIN JN,CHENNAI CENTRAL,3
TIRUCHIRAPPALLI JN.,ERODE JN.,3
GONDIA JN.,BALHARSHAH,3
HATIA,PATNA JN.,3
FAZILKA JN.,BATHINDA JN,3
BUDGE BUDGE,NAIHATI JN.,3
BIKANER JN.,MERTA ROAD JN.,3
GOBARDANGA,SEALDAH,3
SILIGURI JN.,KATIHAR JN.,3
CHENNAI CENTRAL,SANTRAGACHI JN.,3
AHMEDABAD,PATAN,3
BIKANER JN.,BANDRA TERMINUS,3
ISLAMPUR,PATNA JN.,3
MADURAI JN,CHENNAI EGMORE,3
ITWARI JN.,GONDIA JN.,3
RAMESWARAM,MADURAI JN,3
BILASPUR JN.,RAIPUR JN.,3
GAYA JN.,DEHRI-ON-SON,3
HOWRAH JN.,MECHEDA,3
SURENDRANAGAR,BHAVNAGAR TERMINUS,3
MADURAI JN,SENGOTTAI JN,3
GORAKHPUR JN.,KOLKATA,3
DEHRA DUN,NEW DELHI,3
SAHARSA JN.,PURNEA JN.,3
SHANTIPUR JN.,RANAGHAT JN.,3
PATHANKOT JN.,JALANDHAR CITY JN.,3
SURATGARH JN.,SHRI GANGANAGAR,3
HOWRAH JN.,RAMPUR HAT,3
HOWRAH JN.,RANCHI,3
LUCKNOW JN.,SULTANPUR JN.,3
DEHRI-ON-SON,GAYA JN.,3
QUILON,HYDERABAD DECCAN,3
SANTRAGACHI JN.,CHENNAI CENTRAL,3
ADRA,ASANSOL MAIN,3
HOWRAH JN.,DIGHA FS,3
PATNA JN.,ISLAMPUR,3
PATNA JN.,HATIA,3
DARBHANGA JN.,BIRAUL,3
BHIWANI JN.,ROHTAK JN.,3
LUCKNOW JN.,NEW DELHI,3
GEVRA-ROAD,BILASPUR JN.,3
CANNING,SONARPUR JN.,3
TARIGHAT,DILDARNAGAR JN,3
HOWRAH JN.,HALDIA,3
BHAVNAGAR TERMINUS,SURENDRANAGAR,3
TALEGAON,PUNE JN.,3
CHENNAI CENTRAL,AHMEDABAD,3
MADURAI JN,RAMESWARAM,3
YESVANTPUR JN.,GORAKHPUR JN.,3
TALGUPPA,MYSORE JN.,3
PANVEL,RAVLI JN,3
BENOY BADAL DINESH BAG,SEALDAH,3
MADGOAN JN.,MANGALORE CENTRAL,3
HYDERABAD DECCAN,FALAKNUMA,3
HALDIA,HOWRAH JN.,3
PURULIA JN.,HOWRAH JN.,3
CHENNAI CENTRAL,MANGALORE CENTRAL,3
MAJHOLA PAKARIYA,PILIBHIT JN.,3
GORAKHPUR JN.,SIWAN JN.,3
BELAPUR C.B.D,THANE,3
GORAKHPUR JN.,YESVANTPUR JN.,3
GORAKHPUR JN.,BARHNI,3
BIRAUL,DARBHANGA JN.,3
SULLURUPETTA,NELLORE,3
SAMASTIPUR JN.,MUZAFFARPUR JN.,3
PHULERA JN.,REWARI JN.,3
SULTANPUR JN.,LUCKNOW JN.,3
TENALI JN.,REPALLE,3
PATAN,AHMEDABAD,3
DAUND JN.,PUNE JN.,3
SAMASTIPUR JN.,JAYNAGAR,3
HOWRAH JN.,AZIMGANJ JN.,3
BHAGALPUR,HANSDIHA,3
LOKMANYA TILAK TERMINUS,VARANASI JN.,3
PATNA JN.,MUGHAL SARAI JN.,3
MAHOBA,KHAJAURAHO,3
HOWRAH JN.,AMTA,3
HUBLI JN.,KRANTIVIRA SANGOLLI RAYANNA (BENGALURU STATION),3
CHENNAI CENTRAL,HAZRAT NIZAMUDDIN JN,3
HISAR JN,REWARI JN.,3
PARADEEP,CUTTACK JN.,3
LUDHIANA JN.,HISAR JN,3
AHMEDABAD,CHENNAI CENTRAL,3
SURAT,BHUSAVAL JN.,3
CHENNAI BEACH,ARAKKONAM JN,3
MEERUT CITY JN.,KHURJA JN,3
SECUNDERABAD JN.,MANOHARABAD,3
JODHPUR JN.,VARANASI JN.,3
SARDARSAHAR,RATANAGARH JN,3
RANCHI,LOHARDAGA  BS,3
JOLARPETTAI JN,ERODE JN.,3
NANGAL DAM,AMBALA CANTT JN,3
COONOOR,UDHAGAMANDALAM,3
SECUNDERABAD JN.,KAKINADA TOWN,3
JIND JN,DELHI JN.,3
KACHEGUDA,NIZAMABAD,3
DURG,DALLI-RAJHARA,3
KASGANJ JN.,FARRUKHABAD JN,3
CHHOTA UDEPUR,VADODARA JN.,3
KULEM,VASCO-DA-GAMA,3
VARANASI CITY,CHHAPRA JN.,3
DHULE,CHALISGAON JN.,3
BALHARSHAH,GONDIA JN.,3
ARA,SASARAM,3
SASARAM,ARA,3
KASHIPUR JN,LALKUA JN.,3
KATIHAR JN.,SILIGURI JN.,3
VARANASI JN.,LOKMANYA TILAK TERMINUS,3
NELLORE,SULLURUPETTA,3
KOLKATA,GORAKHPUR JN.,3
ERNAKULAM. JN,KRANTIVIRA SANGOLLI RAYANNA (BENGALURU STATION),3
BANDRA TERMINUS,JAIPUR JN.,3
JIND JN,ROHTAK JN.,3
TRIVANDRUM CENTRAL,MANGALORE CENTRAL,3
TRIVANDRUM CENTRAL,NAGERCOIL JN.,3
ASANSOL MAIN,JASIDIH JN.,3
BANDEL JN.,BARDDHAMAN JN.,3
ERNAKULAM. JN,KAYANKULAM JN,3
ERNAKULAM. JN,HAZRAT NIZAMUDDIN JN,3
BANDRA TERMINUS,BIKANER JN.,3
SEALDAH,GOBARDANGA,3
TRIVANDRUM CENTRAL,SILCHAR,3
RANCHI,HOWRAH JN.,3
TUMKUR,KRANTIVIRA SANGOLLI RAYANNA (BENGALURU STATION),3
TUMSAR RD,TIRODI,3
MUMBAI CENTRAL,NEW DELHI,3
KOLKATA,LALGOLA,3
MERTA ROAD JN.,BIKANER JN.,3
REPALLE,TENALI JN.,3
VIJAYWADA JN.,SECUNDERABAD JN.,3
MUZAFFARPUR JN.,RAXAUL JN.,3
VILLUPURAM JN.,PONDICHERRY,3
VIJAYWADA JN.,TENALI JN.,3
DILDARNAGAR JN,TARIGHAT,3
ALLAHABAD CITY,MANDUADIH,3
VILLUPURAM JN.,MAYILADUTURAI JN.,3
MUZAFFARPUR JN.,SAMASTIPUR JN.,3
DERABABA NANAK,VERKA JN.,3
DELHI-SARAI ROHILLA,BIKANER JN.,3
VADODARA JN.,CHHOTA UDEPUR,3
MYSORE JN.,CHENNAI CENTRAL,3
KOTA,JHALAWAR CITY,3
SEALDAH,RAMPUR HAT,3
ASANSOL MAIN,DHANBAD JN.,3
DIGHA FS,HOWRAH JN.,3
MYSORE JN.,TALGUPPA,3
CUTTACK JN.,PARADEEP,3
RAXAUL JN.,MUZAFFARPUR JN.,3
NAGDA JN,UJJAIN JN,3
DUMKA,JASIDIH JN.,3
KAKINADA TOWN,SECUNDERABAD JN.,3
KARMALI,CST-MUMBAI,3
PURNEA JN.,SAHARSA JN.,3
RATANAGARH JN,SARDARSAHAR,3
MEDCHAL,FALAKNUMA,3
KRISHNA NAGAR CITY JN.,RANAGHAT JN.,3
MAYILADUTURAI JN.,VILLUPURAM JN.,3
KRISHNA NAGAR CITY JN.,LALGOLA,3
KRANTIVIRA SANGOLLI RAYANNA (BENGALURU STATION),TUMKUR,3
DIVA JN,VASAI ROAD,3
UDHAGAMANDALAM,COONOOR,3
KRANTIVIRA SANGOLLI RAYANNA (BENGALURU STATION),RAMANAGARAM,3
ALIGARH JN.,DELHI JN.,3
KRANTIVIRA SANGOLLI RAYANNA (BENGALURU STATION),HUBLI JN.,3
KRANTIVIRA SANGOLLI RAYANNA (BENGALURU STATION),ERNAKULAM. JN,3
AZIMGANJ JN.,HOWRAH JN.,3
DADAR,DOMBIVLI,3
NAGPUR JN.(CR),CST-MUMBAI,3
UJJAIN JN,NAGDA JN,3
ULUBARIA,HOWRAH JN.,3
BAHRAICH,NEPALGANJ ROAD,3
AMBLIYASAN JN.,VIJAPUR,3
VASCO-DA-GAMA,KULEM,3
ERODE JN.,TIRUNELVELI JN,3
KHAJAURAHO,MAHOBA,3
CHENNAI EGMORE,TIRUNELVELI JN,3
NEW DELHI,PURI,3
NEW DELHI,MUMBAI CENTRAL,3
ERODE JN.,TIRUCHIRAPPALLI JN.,3
RAMPUR HAT,SEALDAH,3
TIRUTTANI,ARAKKONAM JN,3
LALKUA JN.,KASHIPUR JN,3
VARANASI JN.,JODHPUR JN.,3
VIJAPUR,AMBLIYASAN JN.,3
VISAKHAPATNAM,TIRUPATI,3
SENGOTTAI JN,TIRUNELVELI JN,3
JASIDIH JN.,DUMKA,3
BARAMATI,PUNE JN.,3
SENGOTTAI JN,MADURAI JN,3
MANGALORE CENTRAL,TRIVANDRUM CENTRAL,3
KENDRI,DHAMTARI,3
NEW DELHI,LUCKNOW JN.,3
KHARAGPUR,JHARGRAM,3
SHAKUR BASTI,HAZRAT NIZAMUDDIN JN,3
SHAKUR BASTI,GHAZIABAD JN.,3
NIZAMABAD,KACHEGUDA,3
NIDADAVOLU JN.,BHIMAVARAM JN.,3
MANGALORE CENTRAL,MADGOAN JN.,3
VIZIANAGARAM JN.,VISAKHAPATNAM,3
JALANDHAR CITY JN.,JAIJON DOABA,3
LOHARDAGA  BS,RANCHI,3
TIRUPATI,CHENNAI CENTRAL,3
VERKA JN.,DERABABA NANAK,3
REWARI JN.,PHULERA JN.,3
CHENNAI EGMORE,MADURAI JN,3
JAMALPUR JN.,DHANAURI,3
BARDDHAMAN JN.,BANDEL JN.,3
SANTRAGACHI JN.,SHALIMAR,3
KHURJA JN,MEERUT CITY JN.,3
JAMALPUR JN.,SULTANGANJ,3
SEALDAH,BENOY BADAL DINESH BAG,3
REWARI JN.,HISAR JN,3
RAMPUR HAT,HOWRAH JN.,3
JALANDHAR CITY JN.,PATHANKOT JN.,3
BANGAON JN.,MAJERHAT,3
AMBALA CANTT JN,SAHARANPUR JN.,3
BANGAON JN.,BARASAT JN.,3
NEPALGANJ ROAD,BAHRAICH,3
CHHATRAPATI SHAHU MAHARAJ TERMINUS,CST-MUMBAI,3
RANAGHAT JN.,LALGOLA,3
SECUNDERABAD JN.,VIJAYWADA JN.,3
KATPADI JN,TIRUPATI,3
KURUKSHETRA JN.,DELHI JN.,3
JHALAWAR CITY,KOTA,3
JHARGRAM,KHARAGPUR,3
ANAND VIHAR TERMINAL,GORAKHPUR JN.,3
RISHIKESH,HARIDWAR JN,3
KAYANKULAM JN,ERNAKULAM. JN,3
DHAMTARI,KENDRI,3
CST-MUMBAI,CHHATRAPATI SHAHU MAHARAJ TERMINUS,3
VIJAYWADA JN.,GUDIVADA JN.,3
CHHAPRA JN.,VARANASI CITY,3
LALGOLA,KOLKATA,3
LALGOLA,KRISHNA NAGAR CITY JN.,3
ERODE JN.,JOLARPETTAI JN,3
DHANBAD JN.,ASANSOL MAIN,3
BANGARPET JN.,KRANTIVIRA SANGOLLI RAYANNA (BENGALURU STATION),3
JAYNAGAR,SAMASTIPUR JN.,3
MUGHAL SARAI JN.,PATNA JN.,3
NEW DELHI,DEHRA DUN,3
ROHA,DIVA JN,2
RAGHURAJ SINGH,RAE BARELI JN.,2
GONDA JN.,SITAPUR CANTT,2
GUDIVADA JN.,VIJAYWADA JN.,2
REPALLE,GUNTUR JN.,2
DHASA JN (MG),JETALSAR JN (MG),2
QUILON,CHENNAI EGMORE,2
DARJEELING,KURSEONG,2
ROHTAK JN.,BHIWANI JN.,2
DELHI-SARAI ROHILLA,JODHPUR JN.,2
DIBRUGARH TOWN,NEW DELHI,2
QUILON,EDAMANN,2
DHARMANAGAR,AGARTALA,2
RAXAUL JN.,SAMASTIPUR JN.,2
DIBRUGARH TOWN,LEDO,2
PURNA  JN.,AKOLA JN.,2
DHANBAD JN.,SINDRI TOWN,2
GORAKHPUR JN.,ANAND VIHAR TERMINAL,2
QUILON,VISAKHAPATNAM,2
QUILON,TRIVANDRUM CENTRAL,2
DHRANGADHRA,SURENDRANAGAR,2
QUILON,PUNALUR,2
DHURI JN.,BATHINDA JN,2
GORAKHPUR JN.,BANDRA TERMINUS,2
GUA,TATANAGAR JN,2
GORAKHPUR JN.,VARANASI CITY,2
DHARWAD,HUBLI JN.,2
ROHTAK JN.,NEW DELHI,2
RAE BARELI JN.,KANPUR CENTRAL JN.,2
DHANBAD JN.,HOWRAH JN.,2
DELHI-SARAI ROHILLA,SIKAR JN.,2
DHASA JN (MG),VERAVAL MG,2
GORAKHPUR JN.,PUNE JN.,2
PURULIA JN.,JHARGRAM,2
GORAKHPUR JN.,CHHAPRA JN.,2
REWARI JN.,SIKAR JN.,2
RAE BARELI JN.,RAGHURAJ SINGH,2
DHANAURI,JAMALPUR JN.,2
REWARI JN.,ROHTAK JN.,2
RAE BARELI JN.,UNCHAHAR JN.,2
DHANBAD JN.,PATNA JN.,2
REPALLE,SECUNDERABAD JN.,2
REWA,JABALPUR,2
SAHARSA JN.,SEALDAH,2
DELHI JN.,BHIWANI JN.,2
SAHIBGANJ,JAMALPUR JN.,2
SAHIBGANJ,RAMPUR HAT,2
ERNAKULAM. JN,PUNE JN.,2
RAJKOT,SOMNATH,2
ERNAKULAM. JN,PATNA JN.,2
RAJKOT,PORBANDAR,2
GAJRAULA JN.,NAJIBABAD JN.,2
GANDHIDHAM JN.,BANDRA TERMINUS,2
RANGIYA JN.,RANGAPARA NORTH,2
RAJIM,ABHANPUR JN.,2
RAJGIR,DANAPUR,2
DELHI JN.,AMBALA CANTT JN,2
RANAGHAT JN.,SHANTIPUR JN.,2
GANDHIDHAM JN.,PURI,2
SAI NAGAR SHIRDI,DADAR,2
DELHI JN.,ALIGARH JN.,2
RAJGIR,BAKHTIYARPUR JN.,2
DEKARGAON,RANGIYA JN.,2
ERNAKULAM. JN,KOTTAYAM,2
DELHI JN.,PATHANKOT JN.,2
RANAGHAT JN.,NAIHATI JN.,2
DELHI JN.,MALDA TOWN,2
FALAKNUMA,SECUNDERABAD JN.,2
FALAKNUMA,MEDCHAL,2
FARRUKHABAD JN,KANPUR ANWARGANJ,2
FARRUKHABAD JN,KANPUR CENTRAL JN.,2
FAIZABAD JN.,PRAYAG JN.,2
FARUKHNAGAR,DELHI-SARAI ROHILLA,2
DELHI JN.,MORADABAD JN.,2
FAIZABAD JN.,LUCKNOW JN.,2
FAIZABAD JN.,LOKMANYA TILAK TERMINUS,2
DELHI JN.,KHURJA JN,2
DELHI JN.,PALWAL,2
RAMPUR HAT,BARHARWA JN.,2
RAMPUR HAT,SAHIBGANJ,2
ETAWAH,AGRA CANTT,2
ETAH,TUNDLA JN,2
RAMESWARAM,CHENNAI EGMORE,2
RAMTEK,ITWARI JN.,2
FAZILKA JN.,KOT KAPURA JN,2
FIROZPUR CANTT JN.,BATHINDA JN,2
SAHARANPUR JN.,NANGAL DAM,2
SAHARSA JN.,ANAND VIHAR TERMINAL,2
SAHARSA JN.,BARAUNI JN.,2
FARUKHNAGAR,GARHI HARSARU JN.,2
DONGAR GARH,GONDIA JN.,2
RATLAM JN,DAHOD,2
DELHI JN.,SHRI MATA VAISHNO DEVI KATRA,2
DAUND JN.,BARAMATI,2
DIVA JN,ROHA,2
GEVRA-ROAD,RAIPUR JN.,2
GHAT KOPAR,CST-MUMBAI,2
SADULPUR JN,SHRI GANGANAGAR,2
RATLAM JN,NAGDA JN,2
SABALGARH,GWALIOR (NG),2
ERNAKULAM. JN,GURUVAYUR,2
DIMAPUR,GUWAHATI,2
GHAZIABAD JN.,PALWAL,2
RUPSA JN.,BHANJPUR,2
GHAZIPUR CITY,ANAND VIHAR TERMINAL,2
RAIPUR JN.,BILASPUR JN.,2
RAXAUL JN.,HOWRAH JN.,2
GHAZIPUR CITY,KOLKATA,2
RAIGARH,BILASPUR JN.,2
DIGHA FS,PANSKURA,2
DELHI-SARAI ROHILLA,FARUKHNAGAR,2
RAXAUL JN.,LOKMANYA TILAK TERMINUS,2
RAIPUR JN.,GEVRA-ROAD,2
ERNAKULAM. JN,ALLEPPEY,2
EDAMANN,QUILON,2
SAHARANPUR JN.,AMBALA CANTT JN,2
DEHRI-ON-SON,BARWADIH JN,2
RAJENDRANAGAR TERMINAL,NEW DELHI,2
GARHI HARSARU JN.,FARUKHNAGAR,2
RAJENDRANAGAR TERMINAL,INDORE BG,2
SALEM JN.,KARUR JN.,2
DURG,JAMMU TAWI,2
DURG,HAZRAT NIZAMUDDIN JN,2
GAYA JN.,JAMALPUR JN.,2
DONGAR GARH,RAIPUR JN.,2
DURG,GONDIA JN.,2
RAJAHMUNDRY,VIJAYWADA JN.,2
SALEM JN.,VRIDHA CHALAM JN.,2
SALEMPUR JN.,BARHAJ BAZAR,2
RANGAPARA NORTH,RANGIYA JN.,2
RANGIYA JN.,DEKARGAON,2
DURAUNDHA JN,SIWAN JN.,2
RANGIYA JN.,MURKEONG SELEK,2
RAJAHMUNDRY,BHIMAVARAM JN.,2
RANUJ,AHMEDABAD JN.,2
SAMASTIPUR JN.,BARAUNI JN.,2
DEHRA DUN,HOWRAH JN.,2
KATIHAR JN.,BARAUNI JN.,2
KATHGODAM,MORADABAD JN.,2
MUMBAI CENTRAL,PORBANDAR,2
MUMBAI VADALA ROAD,VASHI,2
KATHANA,VADODARA JN.,2
KASGANJ JN.,MATHURA JN.,2
MURKEONG SELEK,RANGIYA JN.,2
MUZAFFARPUR JN.,ANAND VIHAR TERMINAL,2
KARUR JN.,TIRUCHIRAPPALLI JN.,2
KARUR JN.,SALEM JN.,2
SAMASTIPUR JN.,RAXAUL JN.,2
MUZAFFARPUR JN.,PATLIPUTRA,2
KARAIKKUDI,TIRUCHIRAPPALLI JN.,2
ABHANPUR JN.,RAJIM,2
KARAIKAL,TIRUCHIRAPPALLI JN.,2
KARAIKAL,NAGORE,2
MYSORE JN.,ARSIKERE JN.,2
KANPUR CENTRAL JN.,RAE BARELI JN.,2
KANPUR CENTRAL JN.,PRAYAG JN.,2
KANPUR CENTRAL JN.,PHAPHUND,2
KANPUR CENTRAL JN.,NEW DELHI,2
KARJAT,CST-MUMBAI,2
MOKAMA JN.,BARAUNI JN.,2
KHEM KARAN,BHAGTANWALA,2
KHEM KARAN,AMRITSAR JN.,2
MOKAMA JN.,PATNA JN.,2
KHARAGPUR,HIJLI,2
KHARAGPUR,BANKURA,2
KHARAGPUR,BALASORE,2
MOOR MARKET,KADAMBATTUR,2
KHANDWA JN. (CR),BIR,2
KHAGARIA JN.,JAMALPUR JN.,2
MUMBAI CENTRAL,JAIPUR JN.,2
MORADABAD JN.,DELHI JN.,2
KAZIPET JN.,LOKMANYA TILAK TERMINUS,2
MORADABAD JN.,KATHGODAM,2
KAWR,PERNEM,2
KAWAR,KODERMA,2
MUGHAL SARAI JN.,ALLAHABAD JN.,2
KATPADI JN,VILLUPURAM JN.,2
KATNI,CHOPAN,2
KATIHAR JN.,MALDA COURT,2
KATIHAR JN.,HOWRAH JN.,2
MUMBAI CENTRAL,INDORE BG,2
MORADABAD JN.,BAREILLY JN.,2
NAIHATI JN.,BUDGE BUDGE,2
KALKA,AMBALA CANTT JN,2
KALIANPUR,LUCKNOW JN.,2
KAKINADA TOWN,TIRUPATI,2
NAIHATI JN.,MAJERHAT,2
NAIHATI JN.,RANAGHAT JN.,2
KAKINADA PORT,VIJAYWADA JN.,2
NAINPUR JN.,MADANMAHAL,2
NAJIBABAD JN.,GAJRAULA JN.,2
KADAMBATTUR,MOOR MARKET,2
MYSORE JN.,HUBLI JN.,2
NAMKHANA,SEALDAH,2
NANDED,AMRITSAR JN.,2
KACHEGUDA,MIRYALAGUDA,2
KACHEGUDA,MAHBUBNAGAR,2
KACHEGUDA,GUNTUR JN.,2
KABAKA PUTTUR,MANGALORE CENTRAL,2
NANDYAL,CUDDAPAH,2
JOGINDER NAGAR,PATHANKOT JN.,2
NARASAPUR,GUDIVADA JN.,2
NARASAPUR,GUNTUR JN.,2
KACHEGUDA,YESVANTPUR JN.,2
KANPUR CENTRAL JN.,FATEHPUR,2
KANPUR CENTRAL JN.,FARRUKHABAD JN,2
MYSORE JN.,YESVANTPUR JN.,2
KANPUR CENTRAL JN.,ALLAHABAD JN.,2
NADIAD JN.,MODASA,2
NAGAPPATTINAM,VELANKANNI,2
NAGARSOL,NARASAPUR,2
KANNUR,ALLEPPEY,2
NAGDA JN,RATLAM JN,2
NAGERCOIL JN.,COIMBATORE  JN.,2
KALKA,NEW DELHI,2
NAGERCOIL JN.,MANGALORE CENTRAL,2
KANCHIPURAM,CHENNAI BEACH,2
NAGERCOIL JN.,TRIVANDRUM CENTRAL,2
NAGORE,KARAIKAL,2
KAMAKHYA JN,PURI,2
KAMAKHYA JN,LOKMANYA TILAK TERMINUS,2
NAGPUR JN.(CR),BHUSAVAL JN.,2
NAGPUR JN.(CR),BILASPUR JN.,2
NAGPUR JN.(CR),INDORE BG,2
NAGPUR JN.(CR),PUNE JN.,2
NAHARLAGUN,GUWAHATI,2
NAGERCOIL JN.,CST-MUMBAI,2
MAKRANA JN.,PARVATSAR CITY,2
MALDA COURT,KATIHAR JN.,2
LOKMANYA TILAK TERMINUS,VISAKHAPATNAM,2
MALDA TOWN,DELHI JN.,2
MALDA TOWN,HOWRAH JN.,2
LOKMANYA TILAK TERMINUS,RAXAUL JN.,2
LOKMANYA TILAK TERMINUS,PURI,2
LOKMANYA TILAK TERMINUS,LUCKNOW JN.,2
LOKMANYA TILAK TERMINUS,KOCHUVELI,2
LOKMANYA TILAK TERMINUS,KAZIPET JN.,2
KHURDA ROAD JN.,NAYAGARHTOWN,2
LOKMANYA TILAK TERMINUS,KAMAKHYA JN,2
LOKMANYA TILAK TERMINUS,HUBLI JN.,2
LOKMANYA TILAK TERMINUS,HOWRAH JN.,2
MANDUADIH,NEW DELHI,2
LOKMANYA TILAK TERMINUS,GUWAHATI,2
LOKMANYA TILAK TERMINUS,FAIZABAD JN.,2
MANGALORE CENTRAL,COIMBATORE  JN.,2
MANGALORE CENTRAL,KABAKA PUTTUR,2
MANGALORE CENTRAL,NAGERCOIL JN.,2
MANGALORE CENTRAL,PONDICHERRY,2
LOKMANYA TILAK TERMINUS,KARMALI,2
MADURAI JN,CHENNAI CENTRAL,2
MADGOAN JN.,SAWANTWADI ROAD,2
MADGOAN JN.,HAZRAT NIZAMUDDIN JN,2
MADGOAN JN.,CST-MUMBAI,2
MAHBUBNAGAR,KACHEGUDA,2
MAHESANA JN,VIRAMGAM JN,2
MAHUVA,BANDRA TERMINUS,2
LUDHIANA JN.,AMBALA CANTT JN,2
LUCKNOW JN.,YESVANTPUR JN.,2
LUCKNOW JN.,PUNE JN.,2
LUCKNOW JN.,CHANDIGARH,2
LUCKNOW JN.,PARTAPGARH JN.,2
MAISHASHAN,SILCHAR,2
MAJERHAT,BARASAT JN.,2
MAJERHAT,DATTAPUKUR,2
LUCKNOW JN.,LOKMANYA TILAK TERMINUS,2
MAJERHAT,HABRA,2
LUCKNOW JN.,KALIANPUR,2
LUCKNOW JN.,JHANSI JN,2
MAJERHAT,HASANABAD,2
LUCKNOW JN.,FAIZABAD JN.,2
LUCKNOW JN.,CHHAPRA JN.,2
LUCKNOW JN.,PRAYAG JN.,2
MEDCHAL,SECUNDERABAD JN.,2
KOLKATA,SITAMARHI,2
KOLKATA,PATNA JN.,2
KOLKATA,GHAZIPUR CITY,2
KOLKATA,AMRITSAR JN.,2
KOLKATA,AGRA CANTT,2
KOLAR,BANGARPET JN.,2
KODERMA,KAWAR,2
MIDNAPORE,JHARGRAM,2
KODERMA,BARKAKANA,2
LEDO,DIBRUGARH TOWN,2
MIDNAPORE,KHARAGPUR,2
MIRAJ JN.,BELGAUM,2
KOCHUVELI,LOKMANYA TILAK TERMINUS,2
MIRAJ JN.,CHHATRAPATI SHAHU MAHARAJ TERMINUS,2
MIRAJ JN.,HUBLI JN.,2
MIRYALAGUDA,KACHEGUDA,2
MODASA,NADIAD JN.,2
KIRANDUL,VISAKHAPATNAM,2
KHURJA JN,SHAKUR BASTI,2
KHURDA ROAD JN.,PURI,2
KOCHUVELI,YESVANTPUR JN.,2
MANIKPUR JN.,SATNA,2
MANKAPUR JN.,AYODHYA,2
KURSEONG,DARJEELING,2
KURNOOL TOWN,SECUNDERABAD JN.,2
MANKHURD,CST-MUMBAI,2
MANMAD JN.,CST-MUMBAI,2
KUPPAM,KRANTIVIRA SANGOLLI RAYANNA (BENGALURU STATION),2
KRISHNA NAGAR CITY JN.,SHANTIPUR JN.,2
KRANTIVIRA SANGOLLI RAYANNA (BENGALURU STATION),SHIMOGA TOWN,2
MANUGURU,SECUNDERABAD JN.,2
KORAPUT JN.,VISAKHAPATNAM,2
MARWAR JN.,MAVLI JN.,2
KRANTIVIRA SANGOLLI RAYANNA (BENGALURU STATION),BANGARPET JN.,2
MATHURA JN.,KASGANJ JN.,2
KOTTAYAM,QUILON,2
KOTTAYAM,ERNAKULAM. JN,2
MAVLI JN.,MARWAR JN.,2
KOTA,PATNA JN.,2
KOTA,HAZRAT NIZAMUDDIN JN,2
MAYILADUTURAI JN.,THANJAVUR JN.,2
MAYILADUTURAI JN.,THIRUVARUR JN.,2
KOT KAPURA JN,FAZILKA JN.,2
MARIKUPPAM,BAIYYAPPANAHALLI,2
HISAR JN,LUDHIANA JN.,2
HISAR JN,JAIPUR JN.,2
PATTABIRAM E DEPOT,CHENNAI BEACH,2
HIJLI,KHARAGPUR,2
HAZRAT NIZAMUDDIN JN,YESVANTPUR JN.,2
HAZRAT NIZAMUDDIN JN,VISAKHAPATNAM,2
PATTABIRAM E DEPOT,VELACHEERY,2
HAZRAT NIZAMUDDIN JN,SECUNDERABAD JN.,2
HAZRAT NIZAMUDDIN JN,PUNE JN.,2
PERNEM,KAWR,2
NARASAPUR,NAGARSOL,2
PHAPHUND,KANPUR CENTRAL JN.,2
HAZRAT NIZAMUDDIN JN,MADGOAN JN.,2
HAZRAT NIZAMUDDIN JN,KOTA,2
HAZRAT NIZAMUDDIN JN,KOSI KALAN,2
HAZRAT NIZAMUDDIN JN,DURG,2
PONDICHERRY,CHENNAI EGMORE,2
PONDICHERRY,MANGALORE CENTRAL,2
PONDICHERRY,TIRUPATI,2
HATIA,PUNE JN.,2
PORBANDAR,BHANVAD,2
HAZRAT NIZAMUDDIN JN,NEW DELHI,2
HOWRAH JN.,MALDA TOWN,2
HOWRAH JN.,LOKMANYA TILAK TERMINUS,2
HOWRAH JN.,KATIHAR JN.,2
PATLIPUTRA,MUZAFFARPUR JN.,2
PATNA JN.,AHMEDABAD,2
PATNA JN.,ARA,2
PATNA JN.,BANDRA TERMINUS,2
PATNA JN.,BARAUNI JN.,2
PATNA JN.,BHABUA ROAD,2
PATNA JN.,DHANBAD JN.,2
HOSUR,YESVANTPUR JN.,2
HOWRAH JN.,DHANBAD JN.,2
HOWRAH JN.,DEHRA DUN,2
PATNA JN.,JAYNAGAR,2
HOWRAH JN.,CHENNAI CENTRAL,2
PATNA JN.,JHAJHA,2
HOWRAH JN.,BOLPUR,2
PATNA JN.,KOLKATA,2
PATNA JN.,KOTA,2
PATNA JN.,MOKAMA JN.,2
HOWRAH JN.,ANAND VIHAR TERMINAL,2
HOWRAH JN.,AMRITSAR JN.,2
PATNA JN.,ERNAKULAM. JN,2
GWALIOR (NG),SABALGARH,2
GUWAHATI,SILCHAR,2
GUWAHATI,NAHARLAGUN,2
PURI,AHMEDABAD,2
GUWAHATI,LOKMANYA TILAK TERMINUS,2
GUWAHATI,JAMMU TAWI,2
GUWAHATI,DIMAPUR,2
PURI,GANDHIDHAM JN.,2
GURUVAYUR,TRICHUR,2
GURUVAYUR,ERNAKULAM. JN,2
HATIA,ANAND VIHAR TERMINAL,2
PURI,KHURDA ROAD JN.,2
PURI,LOKMANYA TILAK TERMINUS,2
GUNTUR JN.,SECUNDERABAD JN.,2
GUNTUR JN.,REPALLE,2
GUNTUR JN.,MACHERLA,2
GUNTUR JN.,KACHEGUDA,2
PURI,SANTRAGACHI JN.,2
GUNA,BINA,2
GULBARGA,HYDERABAD DECCAN,2
GULBARGA,BIDAR,2
PURI,KAMAKHYA JN,2
PORBANDAR,RAJKOT,2
PRAYAG JN.,BAREILLY JN.,2
PRAYAG JN.,FAIZABAD JN.,2
PRAYAG JN.,KANPUR CENTRAL JN.,2
PRAYAG JN.,LUCKNOW JN.,2
HARIDWAR JN,BIKANER JN.,2
PUNALUR,QUILON,2
PUNDOOAH,HOWRAH JN.,2
PUNE JN.,AHMEDABAD,2
PUNE JN.,AMRAVATI,2
PUNE JN.,NAGPUR JN.(CR),2
HANUMANGARH JN.,SHRI GANGANAGAR,2
HALDIBARI,NEW JALPAIGURI JN,2
PUNE JN.,ERNAKULAM. JN,2
PUNE JN.,GORAKHPUR JN.,2
PUNE JN.,HATIA,2
PUNE JN.,HAZRAT NIZAMUDDIN JN,2
PUNE JN.,HOWRAH JN.,2
PUNE JN.,INDORE BG,2
HABIBGANJ,JABALPUR,2
PUNE JN.,LUCKNOW JN.,2
GWALIOR JN,BHIND,2
PUNE JN.,BARAMATI,2
JAUNPUR JN.,AUNRIHAR JN.,2
NEW DELHI,KALKA,2
NEW DELHI,KANPUR CENTRAL JN.,2
NEW DELHI,KURUKSHETRA JN.,2
JAMMU TAWI,UDHAMPUR,2
NEW DELHI,MANDUADIH,2
NEW DELHI,RAJENDRANAGAR TERMINAL,2
JAMMU TAWI,GUWAHATI,2
NEW DELHI,ROHTAK JN.,2
JAMMU TAWI,DURG,2
HOWRAH JN.,NEW JALPAIGURI JN,2
NEW DELHI,SHAKUR BASTI,2
JAMMU TAWI,BATHINDA JN,2
NEW DELHI,SHRI MATA VAISHNO DEVI KATRA,2
JAMALPUR JN.,TILRATH,2
JAMALPUR JN.,SAHIBGANJ,2
NEW DELHI,VARANASI JN.,2
JAMALPUR JN.,KHAGARIA JN.,2
JAMALPUR JN.,BHAGALPUR,2
JALNA,NAGARSOL,2
NEW JALPAIGURI JN,HALDIBARI,2
NEW DELHI,SEALDAH,2
NARASAPUR,NIDADAVOLU JN.,2
JODHPUR JN.,JAISALMER,2
JODHPUR JN.,INDORE BG,2
JODHPUR JN.,DELHI-SARAI ROHILLA,2
NAUTANWA,DURG,2
JIND JN,SONIPAT,2
NAYAGARHTOWN,KHURDA ROAD JN.,2
JHARSUGUDA JN.,SAMBALPUR JN.,2
NEW ALIPURDUAR,SEALDAH,2
JHARGRAM,PURULIA JN.,2
NEW DELHI,DIBRUGARH TOWN,2
NEW BHUJ,BANDRA TERMINUS,2
JHANSI JN,LUCKNOW JN.,2
NEW BHUJ,BAREILLY JN.,2
NEW BHUJ,DADAR,2
JHANSI JN,AGRA CANTT,2
JHAJHA,PATNA JN.,2
NEW DELHI,ALIGARH JN.,2
JETALSAR JN (MG),DHASA JN (MG),2
NEW DELHI,ALLAHABAD JN.,2
JAYNAGAR,PATNA JN.,2
JAYNAGAR,AMRITSAR JN.,2
JHARGRAM,MIDNAPORE,2
PANIPAT JN.,GHAZIABAD JN.,2
HYDERABAD DECCAN,JAIPUR JN.,2
HYDERABAD DECCAN,GULBARGA,2
HYDERABAD DECCAN,CST-MUMBAI,2
HYDERABAD DECCAN,CHENNAI CENTRAL,2
PANVEL,VASAI ROAD,2
PANVEL,VASHI,2
HUBLI JN.,VIJAYWADA JN.,2
HUBLI JN.,SOLAPUR,2
HUBLI JN.,MYSORE JN.,2
NEW JALPAIGURI JN,HOWRAH JN.,2
HUBLI JN.,LOKMANYA TILAK TERMINUS,2
HUBLI JN.,CHIKJAJUR JN.,2
HOWRAH JN.,ULUBARIA,2
PARTAPGARH JN.,LUCKNOW JN.,2
HOWRAH JN.,SIURI,2
HOWRAH JN.,SINGUR,2
HOWRAH JN.,RAXAUL JN.,2
PATHANKOT JN.,DELHI JN.,2
HOWRAH JN.,PURULIA JN.,2
HOWRAH JN.,PUNE JN.,2
PATHANKOT JN.,JOGINDER NAGAR,2
HUBLI JN.,MIRAJ JN.,2
JAISALMER,JODHPUR JN.,2
JAIPUR JN.,UDAIPUR CITY,2
JAIPUR JN.,MUMBAI CENTRAL,2
JAIPUR JN.,HYDERABAD DECCAN,2
JAIPUR JN.,HISAR JN,2
NSC BOSE J GOMO,ASANSOL MAIN,2
JABALPUR,SOMNATH,2
JABALPUR,REWA,2
JABALPUR,INDORE BG,2
JABALPUR,HABIBGANJ,2
PANIPAT JN.,DELHI JN.,2
ITWARI JN.,RAMTEK,2
ITARSI,SATNA,2
PALASA,VISAKHAPATNAM,2
INDORE BG,RAJENDRANAGAR TERMINAL,2
INDORE BG,PUNE JN.,2
INDORE BG,NAGPUR JN.(CR),2
INDORE BG,MUMBAI CENTRAL,2
INDORE BG,JABALPUR,2
INDORE BG,BHOPAL,2
IDGAH,BHARATPUR JN,2
IDGAH,BANDIKUI JN.,2
ONGOLE,VIJAYWADA JN.,2
BHAGALPUR,ANAND VIHAR TERMINAL,2
BHAGA JN,ADRA,2
THANJAVUR JN.,MAYILADUTURAI JN.,2
BHADRAKH,CUTTACK JN.,2
THAWE JN.,CHHAPRA KACHEHRI,2
BHABUA ROAD,PATNA JN.,2
THIRUVARUR JN.,MAYILADUTURAI JN.,2
SHAKTINAGAR,CHOPAN,2
TILRATH,JAMALPUR JN.,2
BELGAUM,MIRAJ JN.,2
BATHINDA JN,SHRI GANGANAGAR,2
BATHINDA JN,JAMMU TAWI,2
BATHINDA JN,FIROZPUR CANTT JN.,2
TIRUCHIRAPPALLI JN.,CHENNAI EGMORE,2
BATHINDA JN,AMBALA CANTT JN,2
BARWADIH JN,DEHRI-ON-SON,2
BERHAMPUR,BHUBANESWAR,2
BHIMAVARAM JN.,NARASAPUR,2
BHIMAVARAM JN.,GUDIVADA JN.,2
TATANAGAR JN,ASANSOL MAIN,2
BHAVNAGAR TERMINUS,BANDRA TERMINUS,2
BHATNI JN.,VARANASI CITY,2
BHATNI JN.,CHHAPRA JN.,2
BHATNI JN.,BARHAJ BAZAR,2
BHAGALPUR,BANKA,2
TATANAGAR JN,HATIA,2
BHARATPUR JN,IDGAH,2
BHANVAD,PORBANDAR,2
BHAGTANWALA,KHEM KARAN,2
TATANAGAR JN,YESVANTPUR JN.,2
TENALI JN.,VIJAYWADA JN.,2
THANE,KALYAN JN,2
BHAGALPUR,JAMALPUR JN.,2
TATANAGAR JN,GUA,2
TIRUPATI,BHUBANESWAR,2
BAREILLY JN.,ALIGARH JN.,2
TIRUPATI,KAKINADA TOWN,2
BARAUNI JN.,SAMASTIPUR JN.,2
BARAUNI JN.,SAHARSA JN.,2
BARAUNI JN.,PATNA JN.,2
BARAUNI JN.,MOKAMA JN.,2
TIRUCHIRAPPALLI JN.,KARAIKAL,2
TIRUPATI,PONDICHERRY,2
TIRUVALLUR,AVADI,2
BANKA,BHAGALPUR,2
BANGRIPOSI,BARIPADA PH,2
BANGARPET JN.,KOLAR,2
TRICHUR,GURUVAYUR,2
BANDRA TERMINUS,UDAIPUR CITY,2
BANDRA TERMINUS,NEW BHUJ,2
BARAUNI JN.,KATIHAR JN.,2
TIRUCHIRAPPALLI JN.,KARAIKKUDI,2
BARUIPUR JN.,SONARPUR JN.,2
BARUIPUR JN.,LAKSHMIKANTAPUR,2
TIRUCHIRAPPALLI JN.,KARUR JN.,2
BARUI PARA,SEALDAH,2
DURG,NAUTANWA,2
BARKAKANA,KODERMA,2
TIRUNELVELI JN,DADAR,2
BAREILLY JN.,MORADABAD JN.,2
BARIPADA PH,BANGRIPOSI,2
BARHARWA JN.,RAMPUR HAT,2
BARHARWA JN.,AZIMGANJ JN.,2
BARHAJ BAZAR,SALEMPUR JN.,2
BARHAJ BAZAR,BHATNI JN.,2
TIRUPATI,ARAKKONAM JN,2
BAREILLY JN.,PRAYAG JN.,2
BAREILLY JN.,NEW BHUJ,2
TIRUNELVELI JN,ERODE JN.,2
SHRI GANGANAGAR,SADULPUR JN,2
CHANDIGARH,AMRITSAR JN.,2
SHRI MATA VAISHNO DEVI KATRA,AHMEDABAD,2
SHRI MATA VAISHNO DEVI KATRA,DELHI JN.,2
SHRI MATA VAISHNO DEVI KATRA,NEW DELHI,2
CALICUT,KANNUR,2
SIKAR JN.,DELHI-SARAI ROHILLA,2
BHIMAVARAM JN.,RAJAHMUNDRY,2
SILCHAR,GUWAHATI,2
SILCHAR,MAISHASHAN,2
SILCHAR,TRIVANDRUM CENTRAL,2
BOLPUR,HOWRAH JN.,2
SILIGURI JN.,BAMANHAT,2
BOKARO STEEL CITY,ASANSOL MAIN,2
SINDRI TOWN,DHANBAD JN.,2
BIR,KHANDWA JN. (CR),2
SIKAR JN.,REWARI JN.,2
CHENNAI CENTRAL,VIJAYWADA JN.,2
CHENNAI CENTRAL,MADURAI JN,2
SHALIMAR,SANTRAGACHI JN.,2
SHALIMAR,SECUNDERABAD JN.,2
CHENNAI CENTRAL,HYDERABAD DECCAN,2
CHENNAI CENTRAL,HOWRAH JN.,2
CHENNAI CENTRAL,CST-MUMBAI,2
CHENNAI BEACH,TIRUTTANI,2
CHANDIGARH,LUCKNOW JN.,2
SHIMOGA TOWN,YESVANTPUR JN.,2
CHENNAI BEACH,KANCHIPURAM,2
SHIVAJINAGAR,LONAVLA,2
SHORANUR JN.,COIMBATORE  JN.,2
CHENGALPATTU,ARAKKONAM JN,2
SHRI GANGANAGAR,AMBALA CANTT JN,2
SHRI GANGANAGAR,BATHINDA JN,2
SHRI GANGANAGAR,HANUMANGARH JN.,2
SHIMOGA TOWN,KRANTIVIRA SANGOLLI RAYANNA (BENGALURU STATION),2
BHUSAVAL JN.,NAGPUR JN.(CR),2
SONPUR JN.,CHHAPRA JN.,2
BHUBANESWAR,TIRUPATI,2
SULLURUPETTA,CHENNAI BEACH,2
SULLURUPETTA,VELACHEERY,2
SULTANGANJ,JAMALPUR JN.,2
SULTANPUR JN.,VARANASI JN.,2
BINA,GUNA,2
BHUBANESWAR,ANAND VIHAR TERMINAL,2
SURAT,VADODARA JN.,2
SURAT,VALSAD,2
SURAT,VIRAR,2
BHOPAL,INDORE BG,2
SURENDRANAGAR,DHRANGADHRA,2
BHIND,GWALIOR JN,2
TARAKESHWAR,SEORAPHULI JN.,2
BHUBANESWAR,BERHAMPUR,2
SINGUR,HOWRAH JN.,2
SIRMUTTRA,DHOLPUR (NG),2
SIRPURKAGHAZ NAGAR,SECUNDERABAD JN.,2
BILASPUR JN.,RAIGARH,2
SITAMARHI,KOLKATA,2
SITAPUR CANTT,BURHWAL JN.,2
SIURI,HOWRAH JN.,2
SIWAN JN.,DURAUNDHA JN,2
SONIPAT,JIND JN,2
SOLAPUR,BIJAPUR JN,2
SOLAPUR,CST-MUMBAI,2
BIKANER JN.,HARIDWAR JN,2
SOLAPUR,HUBLI JN.,2
BIJAPUR JN,SOLAPUR,2
SOMNATH,JABALPUR,2
SOMNATH,RAJKOT,2
BIDAR,GULBARGA,2
SIWAN JN.,GORAKHPUR JN.,2
AMB  ANDAURA,AMBALA CANTT JN,2
VIJAYWADA JN.,HUBLI JN.,2
VIJAYWADA JN.,KAKINADA PORT,2
ALLEPPEY,KANNUR,2
ALLEPPEY,ERNAKULAM. JN,2
VIJAYWADA JN.,ONGOLE,2
VIJAYWADA JN.,RAJAHMUNDRY,2
BANDRA TERMINUS,MAHUVA,2
ALLAHABAD JN.,MUGHAL SARAI JN.,2
ALLAHABAD JN.,KANPUR CENTRAL JN.,2
VIJAYWADA JN.,VISAKHAPATNAM,2
VILLUPURAM JN.,TIRUPATI,2
VIRAMGAM JN,MAHESANA JN,2
ALIGARH JN.,BAREILLY JN.,2
AKOLA JN.,PURNA  JN.,2
VISAKHAPATNAM,CHENNAI CENTRAL,2
ALLAHABAD JN.,NEW DELHI,2
VELANKANNI,NAGAPPATTINAM,2
AMRITSAR JN.,CHANDIGARH,2
VELLORE CANTT,ARAKKONAM JN,2
AMRITSAR JN.,ATARI JN,2
AMRITSAR JN.,AJMER JN.,2
AMRAVATI,PUNE JN.,2
VERAVAL MG,DHASA JN (MG),2
AMBIKAPUR,SHAHDOL,2
AMBALA CANTT JN,AMB  ANDAURA,2
AMBALA CANTT JN,SHRI GANGANAGAR,2
AMBALA CANTT JN,PANIPAT JN.,2
AMBALA CANTT JN,NANGAL DAM,2
AMBALA CANTT JN,LUDHIANA JN.,2
AMBALA CANTT JN,KALKA,2
VIJAYWADA JN.,BITRAGUNTA,2
VIJAYWADA JN.,CHENNAI CENTRAL,2
AMBALA CANTT JN,DELHI JN.,2
VIJAPUR,ADRAJ MOTI,2
AGRA CANTT,JHANSI JN,2
AGRA CANTT,HAZRAT NIZAMUDDIN JN,2
AGRA CANTT,ETAWAH,2
YESVANTPUR JN.,HAZRAT NIZAMUDDIN JN,2
YESVANTPUR JN.,HOSUR,2
AGARTALA,UDAIPUR,2
YESVANTPUR JN.,KACHEGUDA,2
VISAKHAPATNAM,HAZRAT NIZAMUDDIN JN,2
AGARTALA,ANAND VIHAR TERMINAL,2
ADRAJ MOTI,VIJAPUR,2
YESVANTPUR JN.,KOCHUVELI,2
YESVANTPUR JN.,LUCKNOW JN.,2
YESVANTPUR JN.,MYSORE JN.,2
YESVANTPUR JN.,SHIMOGA TOWN,2
YESVANTPUR JN.,TATANAGAR JN,2
YESVANTPUR JN.,VASCO-DA-GAMA,2
AGARTALA,DHARMANAGAR,2
VISAKHAPATNAM,KIRANDUL,2
VISAKHAPATNAM,KORAPUT JN.,2
VISAKHAPATNAM,LOKMANYA TILAK TERMINUS,2
VISAKHAPATNAM,PALASA,2
VISAKHAPATNAM,QUILON,2
AJMER JN.,CHITTAURGARH JN,2
AJMER JN.,AMRITSAR JN.,2
AHMEDABAD JN.,RANUJ,2
AGRA CANTT,KOLKATA,2
AHMEDABAD,VARANASI JN.,2
VRIDHA CHALAM JN.,SALEM JN.,2
AHMEDABAD,SHRI MATA VAISHNO DEVI KATRA,2
AHMEDABAD,PURI,2
AHMEDABAD,PUNE JN.,2
AHMEDABAD,PATNA JN.,2
WARANGAL,HYDERABAD DECCAN,2
AHMEDABAD,DARBHANGA JN.,2
VISAKHAPATNAM,VIJAYWADA JN.,2
UDHAMPUR,JAMMU TAWI,2
AZIMGANJ JN.,BARHARWA JN.,2
AYODHYA,MANKAPUR JN.,2
UMDANAGAR,SECUNDERABAD JN.,2
UNCHAHAR JN.,RAE BARELI JN.,2
AUNRIHAR JN.,JAUNPUR JN.,2
VADODARA JN.,DAHOD,2
VELACHEERY,TIRUTTANI,2
ASANSOL MAIN,TATANAGAR JN,2
VADODARA JN.,KATHANA,2
ASANSOL MAIN,NSC BOSE J GOMO,2
VADODARA JN.,SURAT,2
VADTAL SWAMINARAYAN,ANAND JN.,2
ASANSOL MAIN,BOKARO STEEL CITY,2
ASANSOL MAIN,ADRA,2
ARSIKERE JN.,MYSORE JN.,2
ATARI JN,AMRITSAR JN.,2
BANDRA TERMINUS,GORAKHPUR JN.,2
BANDRA TERMINUS,GANDHIDHAM JN.,2
BANDRA TERMINUS,DELHI-SARAI ROHILLA,2
BANDRA TERMINUS,BHAVNAGAR TERMINUS,2
BANDIKUI JN.,IDGAH,2
BAMANHAT,SILIGURI JN.,2
TUNDLA JN,ETAH,2
BALLIA,VARANASI CITY,2
BAGNAN,HOWRAH JN.,2
TUTICORIN,VANCHI MANIYACHCHI JN,2
UDAIPUR,AGARTALA,2
UDAIPUR CITY,BANDRA TERMINUS,2
BALASORE,KHARAGPUR,2
BALASORE,BARIPADA PH,2
UDAIPUR CITY,JAIPUR JN.,2
BAKHTIYARPUR JN.,RAJGIR,2
BAIDYANATHDHAM,ASANSOL MAIN,2
BALLIA,SHAHGANJ JN.,2
ANAND VIHAR TERMINAL,BHAGALPUR,2
VARANASI JN.,SULTANPUR JN.,2
ANAND VIHAR TERMINAL,AGARTALA,2
ANAND JN.,VADTAL SWAMINARAYAN,2
ANAND JN.,VADODARA JN.,2
ANAND JN.,DAKOR,2
VASAI ROAD,PANVEL,2
ARAKKONAM JN,VELLORE CANTT,2
AMRITSAR JN.,NANDED,2
VASCO-DA-GAMA,YESVANTPUR JN.,2
VASHI,PANVEL,2
AMRITSAR JN.,KOLKATA,2
AMRITSAR JN.,KHEM KARAN,2
AMRITSAR JN.,JAYNAGAR,2
AMRITSAR JN.,JALANDHAR CITY JN.,2
AMRITSAR JN.,HOWRAH JN.,2
AMTA,HOWRAH JN.,2
ARAKKONAM JN,TIRUTTANI,2
ARAKKONAM JN,TIRUPATI,2
VANCHI MANIYACHCHI JN,TUTICORIN,2
VARANASI CITY,BALLIA,2
ARAKKONAM JN,CHENGALPATTU,2
ARAKKONAM JN,AVADI,2
ARA,PATNA JN.,2
VARANASI CITY,GORAKHPUR JN.,2
ANAND VIHAR TERMINAL,BHUBANESWAR,2
ANAND VIHAR TERMINAL,SEALDAH,2
ANAND VIHAR TERMINAL,SAHARSA JN.,2
ANAND VIHAR TERMINAL,MUZAFFARPUR JN.,2
VARANASI JN.,MUGHAL SARAI JN.,2
VARANASI JN.,NEW DELHI,2
ANAND VIHAR TERMINAL,HOWRAH JN.,2
ANAND VIHAR TERMINAL,HATIA,2
ANAND VIHAR TERMINAL,GHAZIPUR CITY,2
VARANASI JN.,AHMEDABAD,2
SHAHGANJ JN.,BALLIA,2
CST-MUMBAI,MANMAD JN.,2
CST-MUMBAI,GHAT KOPAR,2
DAKOR,ANAND JN.,2
SECUNDERABAD JN.,SHALIMAR,2
COIMBATORE  JN.,NAGERCOIL JN.,2
DAHOD,VADODARA JN.,2
CST-MUMBAI,CHENNAI CENTRAL,2
SATNA,ITARSI,2
DARBHANGA JN.,AHMEDABAD,2
CST-MUMBAI,NAGERCOIL JN.,2
CHOPAN,KATNI,2
CHHATRAPATI SHAHU MAHARAJ TERMINUS,MIRAJ JN.,2
CUDDAPAH,NANDYAL,2
SECUNDERABAD JN.,KURNOOL TOWN,2
SATNA,MANIKPUR JN.,2
DAHOD,RATLAM JN,2
DANAPUR,RAJGIR,2
SAWANTWADI ROAD,MADGOAN JN.,2
CHHAPRA JN.,SONPUR JN.,2
SECUNDERABAD JN.,MANUGURU,2
CHHAPRA JN.,LUCKNOW JN.,2
CUTTACK JN.,BHADRAKH,2
CHITTAURGARH JN,AJMER JN.,2
CST-MUMBAI,KARMALI,2
SEALDAH,BARUI PARA,2
CHHAPRA JN.,GORAKHPUR JN.,2
CST-MUMBAI,MADGOAN JN.,2
CST-MUMBAI,MANKHURD,2
CHHAPRA JN.,BHATNI JN.,2
SECUNDERABAD JN.,FALAKNUMA,2
CST-MUMBAI,HYDERABAD DECCAN,2
SEORAPHULI JN.,TARAKESHWAR,2
SHAHDOL,AMBIKAPUR,2
CHENNAI EGMORE,TIRUCHIRAPPALLI JN.,2
CHHAPRA KACHEHRI,THAWE JN.,2
DALLI-RAJHARA,DURG,2
COIMBATORE  JN.,MANGALORE CENTRAL,2
SENGOTTAI JN,CHENNAI EGMORE,2
SECUNDERABAD JN.,GUWAHATI,2
SECUNDERABAD JN.,HAZRAT NIZAMUDDIN JN,2
DAHANU ROAD,DADAR,2
SEALDAH,SAHARSA JN.,2
DAHANU ROAD,BORIVLI,2
DADAR,TIRUNELVELI JN,2
CHENNAI EGMORE,SENGOTTAI JN,2
SEALDAH,NEW ALIPURDUAR,2
TIRUCHIRAPPALLI JN.,LALGUDI,2
CHENNAI EGMORE,QUILON,2
CHIKJAJUR JN.,HUBLI JN.,2
DADAR,SAI NAGAR SHIRDI,2
CHENNAI EGMORE,PONDICHERRY,2
DADAR,NEW BHUJ,2
SEALDAH,NEW DELHI,2
SEALDAH,ANAND VIHAR TERMINAL,2
DADAR,DAHANU ROAD,2
SEALDAH,NAMKHANA,2
CHENNAI EGMORE,RAMESWARAM,2
SAMBALPUR JN.,JHARSUGUDA JN.,2
SANTRAGACHI JN.,ULUBARIA,2
SECUNDERABAD JN.,GUNTUR JN.,2
NAGERCOIL JN.,GANDHIDHAM JN.,1
VALSAD,DAHOD,1
MYSORE JN.,DARBHANGA JN.,1
MYSORE JN.,DADAR,1
NAGERCOIL JN.,KACHEGUDA,1
ROHTAK JN.,REWARI JN.,1
VALSAD,HARIDWAR JN,1
VALSAD,JODHPUR JN.,1
VALSAD,KANPUR CENTRAL JN.,1
NAGARSOL,TIRUPATI,1
VALSAD,MUMBAI CENTRAL,1
URKURA,PANJIPARA,1
NAGERCOIL JN.,KANNIYAKUMARI,1
VALSAD,MUZAFFARPUR JN.,1
MYSORE JN.,AJMER JN.,1
MUZAFFARPUR JN.,YESVANTPUR JN.,1
MUZAFFARPUR JN.,VALSAD,1
NAGERCOIL JN.,KOCHUVELI,1
MUZAFFARPUR JN.,SURAT,1
MUZAFFARPUR JN.,SEALDAH,1
VADODARA JN.,GODHRA JN.,1
NAGERCOIL JN.,KOTTAYAM,1
NAGERCOIL JN.,KRANTIVIRA SANGOLLI RAYANNA (BENGALURU STATION),1
VALSAD,PURI,1
VALSAD,SURAT,1
NAGARSOL,JALNA,1
ROHTAK JN.,TILAK BRIDGE,1
NAGARSOL,NANDED,1
MYSORE JN.,BAGALKOT,1
NAGDA JN,INDORE BG,1
MYSORE JN.,VARANASI JN.,1
VADODARA JN.,MUMBAI CENTRAL,1
MYSORE JN.,SOLAPUR,1
ROURKELA,BHUBANESWAR,1
MYSORE JN.,SHIMOGA TOWN,1
MYSORE JN.,SAI NAGAR SHIRDI,1
VADODARA JN.,KOTA,1
MYSORE JN.,NANJANGUD TOWN,1
MYSORE JN.,MAYILADUTURAI JN.,1
NABADWIP DHAM,MALDA TOWN,1
SAWANTWADI ROAD,LOKMANYA TILAK TERMINUS,1
SEALDAH,ALIPUR DUAR JN.,1
NAGDA JN,BINA,1
VADODARA JN.,ANAND JN.,1
ROHTAK JN.,PANIPAT JN.,1
SEALDAH,AMRITSAR JN.,1
MYSORE JN.,JAIPUR JN.,1
VADODARA JN.,BHILAD,1
SEALDAH,AJMER JN.,1
VALSAD,AHMEDABAD,1
MYSORE JN.,HOWRAH JN.,1
NADIKUDE JN.,MACHERLA,1
MYSORE JN.,HAZRAT NIZAMUDDIN JN,1
MYSORE JN.,DHARWAD,1
NAGERCOIL JN.,CHENNAI CENTRAL,1
SEALDAH,AGARTALA,1
NAGARSOL,CHENNAI CENTRAL,1
NAGERCOIL JN.,CHENNAI EGMORE,1
VALSAD,BANDRA TERMINUS,1
VADODARA JN.,VARANASI JN.,1
MUGHAL SARAI JN.,FAIZABAD JN.,1
MUGHAL SARAI JN.,GAYA JN.,1
MUGHAL SARAI JN.,JAUNPUR JN.,1
VARANASI JN.,PARTAPGARH JN.,1
VARANASI JN.,OKHA,1
MUGHAL SARAI JN.,VARANASI JN.,1
VARANASI JN.,KANPUR CENTRAL JN.,1
MUMBAI CENTRAL,AMRITSAR JN.,1
VARANASI JN.,JAMMU TAWI,1
MUZAFFARPUR JN.,BANDRA TERMINUS,1
MUMBAI CENTRAL,FIROZPUR CANTT JN.,1
VARANASI JN.,HUBLI JN.,1
MUMBAI CENTRAL,HAZRAT NIZAMUDDIN JN,1
VARANASI JN.,GWALIOR JN,1
ROZA JN,BAREILLY JN.,1
VARANASI JN.,GONDA JN.,1
ROURKELA,TATANAGAR JN,1
MUMBAI CENTRAL,OKHA,1
VARANASI JN.,GHAZIPUR CITY,1
SAWAI MADHOPUR JN,MATHURA JN.,1
SATARA,CHHATRAPATI SHAHU MAHARAJ TERMINUS,1
MORADABAD JN.,NAJIBABAD JN.,1
SAHARANPUR JN.,ALLAHABAD JN.,1
SATARA,PUNE JN.,1
MORADABAD JN.,SAHARANPUR JN.,1
SAGAULI JN.,RAXAUL JN.,1
SAGAULI JN.,NARKATIAGANJ JN.,1
SADULPUR JN,TILAK BRIDGE,1
MORVI,MALIYA MIYANA JN.,1
VARANASI JN.,PATNA JN.,1
VARANASI JN.,SEALDAH,1
VARANASI JN.,SAMBALPUR JN.,1
VARANASI JN.,RANCHI,1
SADULPUR JN,LUDHIANA JN.,1
SABALGARH,SHEOPUR KALAN,1
MUGHAL SARAI JN.,ARA,1
MUGHAL SARAI JN.,BUXAR,1
MUGHAL SARAI JN.,DEHRI-ON-SON,1
MUGHAL SARAI JN.,DILDARNAGAR JN,1
VARANASI JN.,SINGRAULI,1
ROURKELA,KORAPUT JN.,1
ROURKELA,JHARSUGUDA JN.,1
VARANASI CITY,BHATNI JN.,1
SAWANTWADI ROAD,DIVA JN,1
NAGERCOIL JN.,SHALIMAR,1
VARANASI CITY,AZAMGARH,1
MUZAFFARPUR JN.,BHAGALPUR,1
MUZAFFARPUR JN.,DARBHANGA JN.,1
VAPI,VIRAR,1
VARANASI JN.,DEHRA DUN,1
ROURKELA,GUNUPUR,1
MUZAFFARPUR JN.,DEHRA DUN,1
MUZAFFARPUR JN.,HOWRAH JN.,1
MUZAFFARPUR JN.,KOLKATA,1
MUZAFFARPUR JN.,MANDUADIH,1
ROURKELA,CHAKARADHARPUR,1
VALSAD,VIRAMGAM JN,1
MUZAFFARPUR JN.,PORBANDAR,1
VALSAD,UMBERGAON ROAD,1
ROURKELA,HATIA,1
MUMBAI CENTRAL,SURAT,1
MUMBAI CENTRAL,VADODARA JN.,1
MUMBAI CENTRAL,VALSAD,1
VARANASI JN.,CST-MUMBAI,1
VARANASI JN.,BARKAKANA,1
VARANASI JN.,BAREILLY JN.,1
VARANASI JN.,ASANSOL MAIN,1
VARANASI JN.,ANAND VIHAR TERMINAL,1
MUNABAO,BARMER,1
MUZAFFARPUR JN.,AHMEDABAD,1
SAWANTWADI ROAD,DADAR,1
MURI,SAMBALPUR JN.,1
VARANASI CITY,PHEPHNA JN.,1
MURKEONG SELEK,DEKARGAON,1
MURKEONG SELEK,KAMAKHYA JN,1
VARANASI CITY,LUCKNOW JN.,1
MURKEONG SELEK,NORTH LAKHIMPUR,1
ROURKELA,SAMBALPUR JN.,1
ROURKELA,PURI,1
MUNABAO,BHAGAT-KI-KOTHI,1
TRIVANDRUM CENTRAL,QUILON,1
NARKATIAGANJ JN.,SAGAULI JN.,1
NARKHER,BHUSAVAL JN.,1
NARKHER,KACHEGUDA,1
NARKHER,NEW AMRAVATI,1
NARWANA JN.,JIND JN,1
NATHDWARA,OKHA,1
REWARI JN.,BIKANER JN.,1
TRIVANDRUM CENTRAL,NEW DELHI,1
NAGPUR JN.(CR),JAIPUR JN.,1
TRIVANDRUM CENTRAL,MADURAI JN,1
TRIVANDRUM CENTRAL,LOKMANYA TILAK TERMINUS,1
TRIVANDRUM CENTRAL,KORBA,1
TRIVANDRUM CENTRAL,KANNUR,1
NELLORE,TIRUPATI,1
TRIVANDRUM CENTRAL,INDORE BG,1
TRIVANDRUM CENTRAL,HYDERABAD DECCAN,1
TRIVANDRUM CENTRAL,GURUVAYUR,1
SEALDAH,DUMDUM CANTONMENT,1
NEW ALIPUR (CALCUTTA),NAIHATI JN.,1
REWARI JN.,BHIWANI JN.,1
TUNDLA JN,FARRUKHABAD JN,1
NANGAL DAM,AMRITSAR JN.,1
NANGAL DAM,KOLKATA,1
TUNDLA JN,ETAWAH,1
NANGAL DAM,SAHARANPUR JN.,1
NANJANGUD TOWN,MYSORE JN.,1
REWARI JN.,JIND JN,1
NARASAPUR,BHIMAVARAM JN.,1
NARASAPUR,BHIMAVARAM TOWN,1
NARKATIAGANJ JN.,RAXAUL JN.,1
TUNDLA JN,ALIGARH JN.,1
TUNDLA JN,AGRA CANTT,1
NARASAPUR,HYDERABAD DECCAN,1
REWARI JN.,FAZILKA JN.,1
TRIVANDRUM CENTRAL,VERAVAL,1
TRIVANDRUM CENTRAL,TIRUCHIRAPPALLI JN.,1
NARASAPUR,QUILON,1
TRIVANDRUM CENTRAL,SHORANUR JN.,1
NARASAPUR,RAJAHMUNDRY,1
TRIVANDRUM CENTRAL,SHALIMAR,1
TUNDLA JN,DELHI JN.,1
TITLA GARH JN.,HOWRAH JN.,1
TITLA GARH JN.,BILASPUR JN.,1
TIRUVALLUR,PONNERI,1
REWA,NAGPUR JN.(CR),1
TIRUVALLUR,KADAMBATTUR,1
NEW DELHI,BARAUNI JN.,1
NEW DELHI,BAREILLY JN.,1
NEW DELHI,BHAGALPUR,1
REWA,MHOW,1
TRIVANDRUM CENTRAL,GORAKHPUR JN.,1
NEW DELHI,BILASPUR JN.,1
NEW DELHI,CHANDIGARH,1
NEW DELHI,CHENNAI CENTRAL,1
NEW DELHI,DARBHANGA JN.,1
SEALDAH,JAYNAGAR,1
NEW DELHI,DIBRUGARH,1
TIRUTTANI,VELACHEERY,1
TIRUTTANI,CHENNAI BEACH,1
NEW DELHI,FIROZPUR CANTT JN.,1
NEW DELHI,GAYA JN.,1
SEALDAH,JANGIPUR ROAD,1
SEALDAH,GUWAHATI,1
NEW AMRAVATI,NARKHER,1
TRIVANDRUM CENTRAL,ERNAKULAM. JN,1
TRIVANDRUM CENTRAL,CST-MUMBAI,1
TRIVANDRUM CENTRAL,CALICUT,1
TRICHUR,KANNUR,1
REWARI JN.,BATHINDA JN,1
REWA,RAJKOT,1
NEW BHUJ,PALANPUR JN,1
NEW DELHI,AJMER JN.,1
NEW BHUJ,SHALIMAR,1
TRICHUR,CALICUT,1
NEW BONGAIGAON  JN.,SILIGURI JN.,1
NEW COOCH BEHAR,SEALDAH,1
NEW COOCH BEHAR,SILIGURI JN.,1
TORI,RANCHI,1
TITVALA,ASANGAON,1
TITLA GARH JN.,RAIPUR JN.,1
NEW DELHI,AGRA CANTT,1
NEW DELHI,AHMEDABAD,1
NEW BHUJ,PUNE JN.,1
NAGPUR JN.(CR),SECUNDERABAD JN.,1
UDHNA JN.,JAYNAGAR,1
UDHNA JN.,DANAPUR,1
UDHAMPUR,PATHANKOT JN.,1
UDHAMPUR,KOTA,1
RISHIKESH,DELHI JN.,1
UDHAMPUR,DELHI-SARAI ROHILLA,1
UDHAMPUR,ALLAHABAD JN.,1
UDHAMPUR,AHMEDABAD,1
NANGAL DAM,AMB  ANDAURA,1
RISHIKESH,CHANDAUSI JN.,1
NAGPUR JN.(CR),WARDHA JN.,1
UDAIPUR CITY,SHALIMAR,1
UDAIPUR CITY,RATLAM JN,1
UDAIPUR CITY,NIMACH,1
NAHARLAGUN,NEW DELHI,1
NAIHATI JN.,BALLYGUNGE JN.,1
UDAIPUR CITY,NEW JALPAIGURI JN,1
REWARI JN.,SHRI GANGANAGAR,1
UDAIPUR CITY,MADAR JN,1
UDHAGAMANDALAM,METTUPALAIYAM JN.,1
UNA HIMACHAL,NEW DELHI,1
UNA HIMACHAL,NANDED,1
RISHIKESH,SHRI MATA VAISHNO DEVI KATRA,1
NAGORE,TIRUCHIRAPPALLI JN.,1
NAGPUR JN.(CR),AHMEDABAD,1
NAGPUR JN.(CR),AMLA JN.,1
UMBERGAON ROAD,VALSAD,1
NAGPUR JN.(CR),AMRITSAR JN.,1
ULUBARIA,SANTRAGACHI JN.,1
NAGPUR JN.(CR),REWA,1
UJJAIN JN,INDORE BG,1
NAGPUR JN.(CR),CHHATRAPATI SHAHU MAHARAJ TERMINUS,1
UJJAIN JN,DEHRA DUN,1
SEALDAH,BALLIA,1
NAGPUR JN.(CR),ITARSI,1
MORADABAD JN.,KASHIPUR JN,1
NAGPUR JN.(CR),KARMALI,1
UJJAIN JN,BHOPAL,1
UDHNA JN.,VARANASI JN.,1
NAGPUR JN.(CR),RAMTEK,1
SEALDAH,ASANSOL MAIN,1
NANDED,DAUND JN.,1
NANDED,HYDERABAD DECCAN,1
NANDED,KRANTIVIRA SANGOLLI RAYANNA (BENGALURU STATION),1
TUTICORIN,MYSORE JN.,1
NANDED,LOKMANYA TILAK TERMINUS,1
NANDED,MANMAD JN.,1
NANDED,MEDCHAL,1
NANDED,NIZAMABAD,1
NANDED,PANVEL,1
UDAIPUR CITY,KOLKATA,1
NANDED,PUNE JN.,1
NANDED,SAMBALPUR JN.,1
NANDED,SANTRAGACHI JN.,1
NANDED,SHRI GANGANAGAR,1
NANDED,TIRUPATI,1
TUNI,RAJAHMUNDRY,1
NANDED,UNA HIMACHAL,1
NANDED,VISAKHAPATNAM,1
TUNDLA JN,KANPUR CENTRAL JN.,1
NANDYAL,KURNOOL TOWN,1
TUTICORIN,CHENNAI EGMORE,1
UDAIPUR CITY,KHAJAURAHO,1
NAIHATI JN.,KALYANI SIMANTA,1
UDAIPUR CITY,INDORE BG,1
UDAIPUR CITY,HAZRAT NIZAMUDDIN JN,1
NAINPUR JN.,JABALPUR,1
SEALDAH,BARDDHAMAN JN.,1
UDAIPUR CITY,HARIDWAR JN,1
UDAIPUR CITY,DELHI-SARAI ROHILLA,1
UDAIPUR CITY,CHITTAURGARH JN,1
NAJIBABAD JN.,MORADABAD JN.,1
TUTICORIN,OKHA,1
NAKAHA JUNGLE,LUCKNOW JN.,1
NALHATI JN.,AZIMGANJ JN.,1
REWARI JN.,MEERUT CANT,1
TUTICORIN,TIRUNELVELI JN,1
TUTICORIN,TIRUCHENDUR,1
NANDED,ADILABAD,1
REWARI JN.,JODHPUR JN.,1
NANDED,AURANGABAD,1
NANDED,BIKANER JN.,1
NANDED,CST-MUMBAI,1
NAKAHA JUNGLE,DALIGANJ JN,1
WARDHA JN.,AMRAVATI,1
WARASEONI,GONDIA JN.,1
MANDUADIH,GORAKHPUR JN.,1
MANDUADIH,JABALPUR,1
MANDUADIH,MUZAFFARPUR JN.,1
SALEM JN.,KATPADI JN,1
WADSA,CHANDAFORT,1
WADI JN.,SOLAPUR,1
VRIDHA CHALAM JN.,TIRUCHIRAPPALLI JN.,1
VASCO-DA-GAMA,VELANKANNI,1
MANDUADIH,RAMESWARAM,1
MANENDRAGARH,AMBIKAPUR,1
MANGALORE CENTRAL,CALICUT,1
SANJAN,SURAT,1
MANGALORE CENTRAL,CHENNAI EGMORE,1
SALEM JN.,COIMBATORE  JN.,1
SALEM JN.,CHENNAI EGMORE,1
MANGALORE CENTRAL,KACHEGUDA,1
MANGALORE CENTRAL,KANNUR,1
MANGALORE CENTRAL,KAWR,1
MANDUADIH,PUNE JN.,1
MALDA TOWN,KATIHAR JN.,1
SANGLI,CHHATRAPATI SHAHU MAHARAJ TERMINUS,1
MALDA TOWN,NABADWIP DHAM,1
MALDA TOWN,NEW DELHI,1
YAMUNA BRIDGE,RATLAM JN,1
MALDA TOWN,NEW JALPAIGURI JN,1
MALDA TOWN,PATNA JN.,1
MALDA TOWN,SAHIBGANJ,1
MALDA TOWN,SEALDAH,1
MANDUADIH,BHATNI JN.,1
MALIYA MIYANA JN.,MORVI,1
MANAMADURAI,TIRUCHIRAPPALLI JN.,1
MANANWALA,HOSHIARPUR,1
YAMUNA BRIDGE,BAYANA,1
WHITE FIELD,KRANTIVIRA SANGOLLI RAYANNA (BENGALURU STATION),1
WHITE FIELD,BAIYYAPPANAHALLI,1
WARDHA JN.,NAGPUR JN.(CR),1
MANDSOR,KOTA,1
WARDHA JN.,BHUSAVAL JN.,1
WARDHA JN.,BALHARSHAH,1
MALDA TOWN,SURAT,1
VISAKHAPATNAM,RAYAGADA JN.,1
VISAKHAPATNAM,RAIPUR JN.,1
MANGALORE JN,YESVANTPUR JN.,1
MANIKPUR JN.,HAZRAT NIZAMUDDIN JN,1
MANIKPUR JN.,JHANSI JN,1
SANTRAGACHI JN.,ANAND VIHAR TERMINAL,1
MANKAPUR JN.,ALLAHABAD JN.,1
VISAKHAPATNAM,PARADEEP,1
VISAKHAPATNAM,NEW DELHI,1
MANGALORE CENTRAL,LOKMANYA TILAK TERMINUS,1
VISAKHAPATNAM,MACHILIPATNAM,1
SAI NAGAR SHIRDI,PANDHARPUR,1
MANKAPUR JN.,FAIZABAD JN.,1
VISAKHAPATNAM,KORBA,1
SAI NAGAR SHIRDI,MYSORE JN.,1
SAI NAGAR SHIRDI,KALKA,1
VISAKHAPATNAM,KAZIPET JN.,1
MANMAD JN.,DHARMABAD,1
VISAKHAPATNAM,KAKINADA PORT,1
MANMAD JN.,IGATPURI,1
VISAKHAPATNAM,NANDED,1
SANJAN,VIRAR,1
SANTRAGACHI JN.,AJMER JN.,1
VIZIANAGARAM JN.,PALASA,1
VISAKHAPATNAM,YESVANTPUR JN.,1
SAI NAGAR SHIRDI,VISAKHAPATNAM,1
VISAKHAPATNAM,VIZIANAGARAM JN.,1
SAI NAGAR SHIRDI,VIJAYWADA JN.,1
MANGALORE CENTRAL,SANTRAGACHI JN.,1
VISAKHAPATNAM,TUNI,1
MANGALORE CENTRAL,SHRI MATA VAISHNO DEVI KATRA,1
MANGALORE JN,PUNE JN.,1
MANGALORE CENTRAL,SUBRAHMANYA ROAD,1
VISAKHAPATNAM,TATANAGAR JN,1
SAI NAGAR SHIRDI,SECUNDERABAD JN.,1
MANGALORE CENTRAL,YESVANTPUR JN.,1
MANGALORE JN,CST-MUMBAI,1
VISAKHAPATNAM,SRIKAKULAM ROAD,1
VISAKHAPATNAM,SHALIMAR,1
SAI NAGAR SHIRDI,PURI,1
VISAKHAPATNAM,SAI NAGAR SHIRDI,1
MANGALORE JN,KOCHUVELI,1
SAI NAGAR SHIRDI,TIRUPATI,1
MAHBUBABAD,PEDDAPALLI,1
SAMBALPUR JN.,HOWRAH JN.,1
MAHBUBABAD,VIJAYWADA JN.,1
MAHBUBNAGAR,JAKLAIR,1
YESVANTPUR JN.,MUZAFFARPUR JN.,1
MAHBUBNAGAR,MIRZAPALI,1
MAHESANA JN,ABU ROAD,1
MAHESANA JN,AHMEDABAD,1
YESVANTPUR JN.,MANGALORE JN,1
MALDA TOWN,JAMALPUR JN.,1
YESVANTPUR JN.,MACHILIPATNAM,1
YESVANTPUR JN.,KORBA,1
SAMASTIPUR JN.,KATIHAR JN.,1
YESVANTPUR JN.,KAWR,1
MAHUVA,BHAVNAGAR TERMINUS,1
YESVANTPUR JN.,KANNUR,1
YESVANTPUR JN.,KAMAKHYA JN,1
SAMBALPUR JN.,KORAPUT JN.,1
MAHUVA,DHOLA JN,1
SAMBALPUR JN.,MURI,1
YESVANTPUR JN.,MANGALORE CENTRAL,1
SAMASTIPUR JN.,SIWAN JN.,1
SAMASTIPUR JN.,SONPUR JN.,1
YESVANTPUR JN.,SOLAPUR,1
YESVANTPUR JN.,SHRI MATA VAISHNO DEVI KATRA,1
MADURAI JN,DEHRA DUN,1
SAMBALPUR JN.,BANASWADI,1
MADURAI JN,DINDIGUL JN,1
YESVANTPUR JN.,SECUNDERABAD JN.,1
MADURAI JN,HAZRAT NIZAMUDDIN JN,1
YESVANTPUR JN.,PANDHARPUR,1
MADURAI JN,LOKMANYA TILAK TERMINUS,1
YESVANTPUR JN.,SALEM JN.,1
MADURAI JN,PALANI,1
MADURAI JN,PUNALUR,1
YESVANTPUR JN.,PURI,1
YESVANTPUR JN.,PONDICHERRY,1
MADURAI JN,TRIVANDRUM CENTRAL,1
MADURAI JN,VILLUPURAM JN.,1
MAGRAHAT,SEALDAH,1
YESVANTPUR JN.,PATLIPUTRA,1
MADURAI JN,KACHEGUDA,1
YESVANTPUR JN.,DEVANHALLI,1
MAJERHAT,RANAGHAT JN.,1
YESVANTPUR JN.,DELHI-SARAI ROHILLA,1
YESVANTPUR JN.,CHIKMAGALURU,1
YESVANTPUR JN.,CHENNAI CENTRAL,1
YESVANTPUR JN.,CHANDIGARH,1
MAKSI JN,INDORE BG,1
MALDA COURT,BUNIYADPUR,1
YESVANTPUR JN.,BIKANER JN.,1
MAHUVA,RAJULA CITY,1
MALDA TOWN,ANAND VIHAR TERMINAL,1
MALDA TOWN,AZIMGANJ JN.,1
MALDA TOWN,BALURGHAT,1
YESVANTPUR JN.,BIDAR,1
YESVANTPUR JN.,BHAGALPUR,1
YESVANTPUR JN.,BELGAUM,1
MALDA TOWN,BARDDHAMAN JN.,1
YESVANTPUR JN.,BARMER,1
MALDA TOWN,DIGHA FS,1
YESVANTPUR JN.,AHMEDABAD,1
MALDA COURT,SILIGURI JN.,1
MAHUVA,SURAT,1
SAMBALPUR JN.,NANDED,1
SAMBALPUR JN.,PURI,1
MAILANI JN.,TIKUNIA,1
YESVANTPUR JN.,HARIHAR JN.,1
SAMASTIPUR JN.,DARBHANGA JN.,1
MAIRABARI,GUWAHATI,1
YESVANTPUR JN.,JABALPUR,1
YESVANTPUR JN.,INDORE BG,1
SAMBALPUR JN.,RAYAGADA JN.,1
MAJERHAT,NAIHATI JN.,1
YESVANTPUR JN.,HASSAN JN.,1
MAJERHAT,GHUTIARI SHARIF,1
AGARTALA,SEALDAH,1
SAMBALPUR JN.,ROURKELA,1
SALEM JN.,YESVANTPUR JN.,1
SAMBALPUR JN.,VARANASI JN.,1
SALEM JN.,METTUR DAM,1
MAJERHAT,LAKSHMIKANTAPUR,1
MAJERHAT,MADHYAM GRAM,1
YESVANTPUR JN.,ERNAKULAM. JN,1
YESVANTPUR JN.,HATIA,1
VIJAYWADA JN.,BHIMAVARAM JN.,1
SAHARSA JN.,PATNA JN.,1
MHOW,REWA,1
SANTRAGACHI JN.,PORBANDAR,1
VIJAYWADA JN.,BHADRACHALAM ROAD,1
MIDNAPORE,ADRA,1
SAHARSA JN.,JAMALPUR JN.,1
SAHARSA JN.,DAURAM MADHEPURA,1
VIJAYWADA JN.,BANGALORE CANTT.,1
MANMAD JN.,KACHEGUDA,1
VERKA JN.,PATHANKOT JN.,1
SANTRAGACHI JN.,PUNE JN.,1
MIRAJ JN.,CASTLE ROCK,1
VERAVAL MG,KODINAR,1
VERAVAL MG,DELVADA,1
MIRAJ JN.,KURDUVADI JN.,1
MIRAJ JN.,LONDA JN.,1
MIRAJ JN.,PANDHARPUR,1
MIRAJ JN.,PARLI VAIJNATH,1
MIRAJ JN.,SOLAPUR,1
SAHARSA JN.,DANAPUR,1
SAHIBGANJ,BHAGALPUR,1
VIJAYWADA JN.,KAZIPET JN.,1
MEERUT CITY JN.,LUCKNOW JN.,1
MELMARUVATHUR,CHENNAI BEACH,1
SANTRAGACHI JN.,PANSKURA,1
MELMARUVATHUR,VILLUPURAM JN.,1
MEMARI,BANDEL JN.,1
SAHIBGANJ,BARHARWA JN.,1
MENDIPATHAR,GUWAHATI,1
SANTRAGACHI JN.,PONDICHERRY,1
VIJAYWADA JN.,HOWRAH JN.,1
SAHIBABAD,DELHI JN.,1
VIJAYWADA JN.,DORNAKAL JN.,1
SANTRAGACHI JN.,PARADEEP,1
MERTA ROAD JN.,RATANAGARH JN,1
METTUPALAIYAM JN.,CHENNAI CENTRAL,1
VIJAYWADA JN.,DHARMAVARAM JN.,1
METTUPALAIYAM JN.,UDHAGAMANDALAM,1
METTUR DAM,ERODE JN.,1
METTUR DAM,SALEM JN.,1
SAHIBGANJ,AZIMGANJ JN.,1
SANTRAGACHI JN.,RAJKOT,1
SAHARANPUR JN.,DEHRA DUN,1
MOOR MARKET,ENNORE,1
SANTRAGACHI JN.,TIRUPATI,1
SAHARANPUR JN.,CHANDIGARH,1
MOOR MARKET,PONNERI,1
TIRUPATI,VILLUPURAM JN.,1
VASCO-DA-GAMA,TIRUPATI,1
VASCO-DA-GAMA,PATNA JN.,1
VERAVAL,TRIVANDRUM CENTRAL,1
MOOR MARKET,TIRUPATI,1
VASCO-DA-GAMA,HAZRAT NIZAMUDDIN JN,1
VASCO-DA-GAMA,CHENNAI CENTRAL,1
MORADABAD JN.,ALIGARH JN.,1
MORADABAD JN.,ANAND VIHAR TERMINAL,1
VARANASI JN.,VADODARA JN.,1
MORADABAD JN.,CHANDAUSI JN.,1
SASARAM,PATNA JN.,1
MORADABAD JN.,GAJRAULA JN.,1
VARANASI JN.,UDHNA JN.,1
VASCO-DA-GAMA,HOWRAH JN.,1
MIRYALAGUDA,PIDUGURALLA,1
MIRZAPALI,BODHAN,1
MIRZAPALI,KACHEGUDA,1
VERAVAL,RAJKOT,1
SAHARANPUR JN.,SHAMLI,1
VERAVAL,PUNE JN.,1
MOGA,NEW DELHI,1
VERAVAL,BANDRA TERMINUS,1
VELLORE CANTT,CHENNAI BEACH,1
SAHARANPUR JN.,MORADABAD JN.,1
VELACHEERY,PONNERI,1
VELANKANNI,VASCO-DA-GAMA,1
MOKAMA JN.,DANAPUR,1
SANTRAGACHI JN.,PURI,1
SAHARANPUR JN.,FARUKHNAGAR,1
MOKAMA JN.,HOWRAH JN.,1
VELANKANNI,KARAIKAL,1
MOKAMA JN.,JASIDIH JN.,1
MOKAMA JN.,KIUL JN.,1
SANTRAGACHI JN.,PURULIA JN.,1
VELACHEERY,SULLURUPETTA,1
SAHARANPUR JN.,LUCKNOW JN.,1
MANUGURU,KAZIPET JN.,1
SAI NAGAR SHIRDI,HOWRAH JN.,1
MARIANI JN.,DIMAPUR,1
MARIANI JN.,GUWAHATI,1
VIRUDUNAGAR JN,KARAIKKUDI,1
MARIKUPPAM,BANASWADI,1
VIRAR,VALSAD,1
VIRAR,SURAT,1
VIRAR,SANJAN,1
MEERUT CITY JN.,ANAND VIHAR TERMINAL,1
MARWAR JN.,AJMER JN.,1
VIRAR,CHURCHGATE,1
VIRAR,BHARUCH JN.,1
VIRAMGAM JN,VALSAD,1
MATHURA JN.,ALWAR JN.,1
MATHURA JN.,BAYANA,1
MATHURA JN.,BHIWANI JN.,1
MATHURA JN.,CHHAPRA JN.,1
VIRAMGAM JN,OKHA,1
MATHURA JN.,GHAZIABAD JN.,1
MARKAPUR ROAD,GUNTUR JN.,1
VISAKHAPATNAM,HYDERABAD DECCAN,1
MANMAD JN.,LOKMANYA TILAK TERMINUS,1
MANMAD JN.,NAGARSOL,1
SAI NAGAR SHIRDI,KAKINADA PORT,1
VISAKHAPATNAM,GUNUPUR,1
VISAKHAPATNAM,GUNTUR JN.,1
VISAKHAPATNAM,GANDHIDHAM JN.,1
MANMAD JN.,PUNE JN.,1
VISAKHAPATNAM,DURG,1
SANTRAGACHI JN.,JABALPUR,1
VISAKHAPATNAM,DIGHA FS,1
SAI NAGAR SHIRDI,JALNA,1
MANNARGUDI,BHAGAT-KI-KOTHI,1
MANNARGUDI,CHENNAI EGMORE,1
MANNARGUDI,COIMBATORE  JN.,1
MANNARGUDI,MAYILADUTURAI JN.,1
VISAKHAPATNAM,BHAGAT-KI-KOTHI,1
VISAKHAPATNAM,AMRITSAR JN.,1
MANNARGUDI,TIRUCHIRAPPALLI JN.,1
MANNARGUDI,TIRUPATI,1
MANMAD JN.,SECUNDERABAD JN.,1
VIKRABAD JN.,GUNTUR JN.,1
SANTRAGACHI JN.,KHARAGPUR,1
SAI NAGAR SHIRDI,CHENNAI CENTRAL,1
VIJAYWADA JN.,SAI NAGAR SHIRDI,1
VIJAYWADA JN.,RAYAGADA JN.,1
SANTRAGACHI JN.,MANGALORE CENTRAL,1
MECHEDA,DIGHA FS,1
SANTRAGACHI JN.,MECHEDA,1
MECHEDA,SANTRAGACHI JN.,1
MATHURA JN.,HOWRAH JN.,1
SAHIBGANJ,MALDA TOWN,1
MEDCHAL,KACHEGUDA,1
VIJAYWADA JN.,QUILON,1
MEDCHAL,NANDED,1
SANTRAGACHI JN.,NANDED,1
VIJAYWADA JN.,MAHBUBABAD,1
MEERUT CANT,REWARI JN.,1
SAHIBGANJ,DANAPUR,1
MEERUT CITY JN.,ALLAHABAD JN.,1
MEERUT CITY JN.,AMBALA CANTT JN,1
MECHEDA,SHALIMAR,1
MATHURA JN.,JAIPUR JN.,1
SAI NAGAR SHIRDI,DAUND JN.,1
SANTRAGACHI JN.,JHARGRAM,1
MATHURA JN.,KURUKSHETRA JN.,1
MATHURA JN.,NEW DELHI,1
VILLUPURAM JN.,TAMBARAM,1
VILLUPURAM JN.,PURULIA JN.,1
MATHURA JN.,RATLAM JN,1
VILLUPURAM JN.,MELMARUVATHUR,1
MATHURA JN.,SAWAI MADHOPUR JN,1
MAYILADUTURAI JN.,MYSORE JN.,1
MAU JN.,ALLAHABAD CITY,1
MAU JN.,ANAND VIHAR TERMINAL,1
MAU JN.,CHHAPRA JN.,1
MAU JN.,VARANASI CITY,1
VILLUPURAM JN.,KHARAGPUR,1
VILLUPURAM JN.,KATPADI JN,1
MAYILADUTURAI JN.,COIMBATORE  JN.,1
MAYILADUTURAI JN.,DINDIGUL JN,1
VIKRABAD JN.,KACHEGUDA,1
MAYILADUTURAI JN.,MANNARGUDI,1
VILLUPURAM JN.,MADURAI JN,1
PUNE JN.,KAZIPET JN.,1
SITAMARHI,ANAND VIHAR TERMINAL,1
SIRSA,TILAK BRIDGE,1
PUNE JN.,MANDUADIH,1
RANCHI,DUMKA,1
PUNE JN.,MANGALORE JN,1
PUNE JN.,MANMAD JN.,1
SIRSA,SIRSA,1
PUNE JN.,NANDED,1
NEW DELHI,KOSI KALAN,1
PUNE JN.,NEW BHUJ,1
PUNE JN.,NIZAMABAD,1
RANCHI,DHANBAD JN.,1
PUNE JN.,SANTRAGACHI JN.,1
PUNE JN.,SATARA,1
PUNE JN.,SECUNDERABAD JN.,1
SIRPUR TOWN,KAZIPET JN.,1
SIRPUR TOWN,KARIM NAGAR,1
RANCHI,DEOGHAR,1
PUNE JN.,VERAVAL,1
SIRSA,LUDHIANA JN.,1
PUNE JN.,CHHATRAPATI SHAHU MAHARAJ TERMINUS,1
SECUNDERABAD JN.,NAGPUR JN.(CR),1
SITAPUR CITY JN.,SHAHJAHANPUR JN,1
PUNE JN.,DANAPUR,1
SITAPUR CITY JN.,KANPUR CENTRAL JN.,1
PUNE JN.,DARBHANGA JN.,1
SITAPUR CITY JN.,GONDA JN.,1
SITAPUR CITY JN.,DELHI JN.,1
SITAPUR CANTT,SHAHJAHANPUR JN,1
PUNE JN.,KARJAT,1
SITAPUR CANTT,GONDA JN.,1
RANCHI,GARBETA,1
SITAPUR CANTT,BALAMAU JN.,1
SITAMARHI,RAXAUL JN.,1
PUNE JN.,HYDERABAD DECCAN,1
SITAMARHI,NEW JALPAIGURI JN,1
PUNE JN.,JABALPUR,1
SECUNDERABAD JN.,PORBANDAR,1
PUNE JN.,JAIPUR JN.,1
PUNE JN.,JAMMU TAWI,1
PUNE JN.,GWALIOR JN,1
RANCHI,BOKARO STEEL CITY,1
PURI,KOLKATA,1
SIMALUGURI JN.,DIBRUGARH TOWN,1
SILIGURI JN.,RADHIKAPUR,1
PURI,OKHA,1
SILIGURI JN.,NEW COOCH BEHAR,1
PURI,PARADEEP,1
SILIGURI JN.,NEW BONGAIGAON  JN.,1
SILIGURI JN.,MALDA COURT,1
RANCHI,CHOPAN,1
PURI,PATNA JN.,1
SILIGURI JN.,DINHATA,1
RANCHI,BHAGALPUR,1
PURI,ROURKELA,1
PURI,SAI NAGAR SHIRDI,1
PURI,SAMBALPUR JN.,1
SILIGURI JN.,DHUBRI,1
PURI,SEALDAH,1
PURI,SHALIMAR,1
PURI,SURAT,1
SILIGURI JN.,HALDIBARI,1
PURI,AJMER JN.,1
SINGRAULI,VARANASI JN.,1
PURI,ANGUL,1
PURI,BARBIL,1
PURI,BIKANER JN.,1
SINGRAULI,JABALPUR,1
PURI,CHENNAI CENTRAL,1
PURI,CUTTACK JN.,1
SINGRAULI,GARWA ROAD JN.,1
SINDRI TOWN,NSC BOSE J GOMO,1
PURI,DURG,1
SINGRAULI,BHOPAL,1
PURI,GUNUPUR,1
PURI,HARIDWAR JN,1
PURI,HATIA,1
SINGRAULI,BAREILLY JN.,1
SINGHABAD,OLD MALDA,1
SECUNDERABAD JN.,PUNE JN.,1
PURI,JAYNAGAR,1
PURI,JODHPUR JN.,1
PURI,DIGHA FS,1
SONPUR JN.,BARAUNI JN.,1
RANCHI,VARANASI JN.,1
SONIPAT,SAHIBABAD,1
RANCHI,TORI,1
SONARPUR JN.,DIAMOND HARBOUR,1
POLLACHI,COIMBATORE  JN.,1
POLLACHI,PALANI,1
SONARPUR JN.,BARUIPUR JN.,1
PONDICHERRY,BHUBANESWAR,1
PUNE JN.,BILASPUR JN.,1
PONDICHERRY,DADAR,1
PONDICHERRY,HOWRAH JN.,1
PONDICHERRY,KANNIYAKUMARI,1
SONAMUKHI PH,BANKURA,1
PONDICHERRY,NEW DELHI,1
PONDICHERRY,SANTRAGACHI JN.,1
RANCHI,PATNA JN.,1
SOMNATH,PORBANDAR,1
SOMNATH,OKHA,1
MADURAI JN,CHENGALPATTU,1
SONARDIH,PHULWARTANR,1
PENDLIMARRI,CUDDAPAH,1
SULTANPUR JN.,AHMEDABAD,1
PENDRA ROAD,BILASPUR JN.,1
SECUNDERABAD JN.,HUBLI JN.,1
RANGAPARA NORTH,DEKARGAON,1
SULLURUPETTA,GUMMIDIPUNDI,1
PETRAPOLE,KOLKATA,1
SECUNDERABAD JN.,HYDERABAD DECCAN,1
PHAPHUND,SHIKOHABAD JN.,1
SECUNDERABAD JN.,KAKINADA PORT,1
SUBRAHMANYA ROAD,MANGALORE CENTRAL,1
PHULERA JN.,JAIPUR JN.,1
SECUNDERABAD JN.,JAIPUR JN.,1
PHULWARTANR,JHARGRAM,1
ST. THOMAS MOUNT,CHENNAI BEACH,1
SRI SATYA SAI PRASANTI NILAYAM,HOWRAH JN.,1
PHULWARTANR,SONARDIH,1
PIDUGURALLA,MIRYALAGUDA,1
SRI SATYA SAI PRASANTI NILAYAM,CHENNAI CENTRAL,1
SONPUR JN.,SAMASTIPUR JN.,1
PHEPHNA JN.,VARANASI CITY,1
SOLAPUR,GUNTAKAL JN.,1
PRAYAG JN.,GHAZIPUR CITY,1
PRAYAG JN.,JAUNPUR JN.,1
SOLAPUR,GADAG JN.,1
SOLAPUR,FALAKNUMA,1
PRINCEP GHAT,BARASAT JN.,1
SOLAPUR,DHARWAD,1
PUNALUR,KANNIYAKUMARI,1
PUNALUR,MADURAI JN,1
PONDICHERRY,YESVANTPUR JN.,1
SECUNDERABAD JN.,MANMAD JN.,1
SOLAPUR,CHHATRAPATI SHAHU MAHARAJ TERMINUS,1
RANCHI,KAMAKHYA JN,1
PUNE JN.,AJNI,1
SIWAN JN.,SAMASTIPUR JN.,1
SIWAN JN.,KAPTANGANJ JN.,1
PUNE JN.,BHAGAT-KI-KOTHI,1
PUNE JN.,BHUBANESWAR,1
RANCHI,JAYNAGAR,1
PUNE JN.,BHUSAVAL JN.,1
PUNALUR,PALAKKAD JN,1
PONNERI,CHENNAI BEACH,1
PONNERI,MOOR MARKET,1
PONNERI,TIRUVALLUR,1
PONNERI,VELACHEERY,1
SOMNATH,AHMEDABAD,1
PORBANDAR,DELHI-SARAI ROHILLA,1
SECUNDERABAD JN.,LOKMANYA TILAK TERMINUS,1
PORBANDAR,HOWRAH JN.,1
PORBANDAR,KANALUS,1
PORBANDAR,KOCHUVELI,1
PRAYAG JN.,CHANDIGARH,1
SOLAPUR,YESVANTPUR JN.,1
PORBANDAR,MUZAFFARPUR JN.,1
SOLAPUR,MYSORE JN.,1
PORBANDAR,SANTRAGACHI JN.,1
SOLAPUR,MIRAJ JN.,1
PORBANDAR,SECUNDERABAD JN.,1
PORBANDAR,SOMNATH,1
PRATAP NAGAR,CHHOTA UDEPUR,1
SECUNDERABAD JN.,MACHILIPATNAM,1
RANCHI,LOKMANYA TILAK TERMINUS,1
PORBANDAR,MUMBAI CENTRAL,1
SHEOPUR KALAN,SABALGARH,1
RAJENDRANAGAR TERMINAL,JAYNAGAR,1
RAJENDRANAGAR TERMINAL,KAMAKHYA JN,1
RAJENDRANAGAR TERMINAL,LOKMANYA TILAK TERMINUS,1
SHEOPUR KALAN,GWALIOR (NG),1
RAJENDRANAGAR TERMINAL,NEW JALPAIGURI JN,1
SHANTIPUR JN.,KRISHNA NAGAR CITY JN.,1
SHANTIPUR JN.,BANGAON JN.,1
SHAMLI,SAHARANPUR JN.,1
PURI,TALCHER,1
RAJGIR,HOWRAH JN.,1
RAJGIR,NEW DELHI,1
SHALIMAR,VISAKHAPATNAM,1
RAJIM,KENDRI,1
RAMPUR HAT,KATWA JN.,1
SHALIMAR,UDAIPUR CITY,1
RAJKOT,COIMBATORE  JN.,1
RAJKOT,DELHI-SARAI ROHILLA,1
SHAHJAHANPUR JN,BALAMAU JN.,1
RAJKOT,REWA,1
RAJGIR,FATUHA,1
RAIPUR JN.,ITWARI JN.,1
RAIPUR JN.,JUNAGARH ROAD,1
SHORANUR JN.,CALICUT,1
RAIPUR JN.,LUCKNOW JN.,1
SHIMOGA TOWN,TALGUPPA,1
RAIPUR JN.,TITLA GARH JN.,1
RAIPUR JN.,VISAKHAPATNAM,1
SHIMOGA TOWN,MYSORE JN.,1
SHAHGANJ JN.,AUNRIHAR JN.,1
RAJENDRANAGAR TERMINAL,JAMMU TAWI,1
RAJAHMUNDRY,RAVIKAMPADU,1
SHIMOGA TOWN,CHIKMAGALURU,1
RAJENDRANAGAR TERMINAL,AJMER JN.,1
SHIMOGA TOWN,BIRUR JN.,1
RAJENDRANAGAR TERMINAL,AMBALA CANTT JN,1
RAJENDRANAGAR TERMINAL,BANKA,1
SHIKOHABAD JN.,PHAPHUND,1
RAJENDRANAGAR TERMINAL,DURG,1
RAJENDRANAGAR TERMINAL,HOWRAH JN.,1
SHIKOHABAD JN.,KASGANJ JN.,1
RAJAHMUNDRY,NARASAPUR,1
SHALIMAR,CHENNAI CENTRAL,1
SHALIMAR,BHOJUDIH JN.,1
RAMESWARAM,TIRUCHIRAPPALLI JN.,1
RAMESWARAM,TIRUPATI,1
SHALIMAR,BHANJPUR,1
SHALIMAR,ADRA,1
RAMNAGAR,AGRA  FORT,1
SHAKUR BASTI,NEW DELHI,1
SHAKUR BASTI,MATHURA JN.,1
RAJKOT,SANTRAGACHI JN.,1
RAMNAGAR,BANDRA TERMINUS,1
SHAKUR BASTI,BALLABGARH,1
RAMNAGAR,CHANDIGARH,1
RAMNAGAR,HARIDWAR JN,1
RAMNAGAR,KASHIPUR JN,1
SHAKTINAGAR,BAREILLY JN.,1
RAMPUR HAT,ANDAL JN.,1
SHAHJAHANPUR JN,SITAPUR CITY JN.,1
SHAHJAHANPUR JN,SITAPUR CANTT,1
SHAHJAHANPUR JN,LUCKNOW JN.,1
SHAKUR BASTI,DANKAUR,1
RAJKOT,SECUNDERABAD JN.,1
SHALIMAR,TRIVANDRUM CENTRAL,1
RAMPUR HAT,GAYA JN.,1
RAJKOT,VERAVAL,1
RAMPUR HAT,DUMKA,1
SHALIMAR,PURI,1
RAJKOT,WANKANER,1
RAJPIPLA,ANKLESHWAR JN.,1
RAJULA CITY,MAHUVA,1
SHALIMAR,PATNA JN.,1
RAMESWARAM,OKHA,1
RAMESWARAM,BHUBANESWAR,1
SHALIMAR,NAGERCOIL JN.,1
SHALIMAR,MECHEDA,1
SHALIMAR,LOKMANYA TILAK TERMINUS,1
SHALIMAR,JAIPUR JN.,1
RAMESWARAM,COIMBATORE  JN.,1
RAMESWARAM,FAIZABAD JN.,1
RAMESWARAM,KANNIYAKUMARI,1
SHALIMAR,GORAKHPUR JN.,1
RAMESWARAM,MANDUADIH,1
SHALIMAR,NEW BHUJ,1
SILCHAR,DHARMANAGAR,1
SILCHAR,BHAIRABI,1
PURULIA JN.,ADRA,1
SILCHAR,AGARTALA,1
PURULIA JN.,ASANSOL MAIN,1
RANCHI,AJMER JN.,1
SIKAR JN.,FATEHPUR-SHEKHAWATI,1
PURULIA JN.,KHARAGPUR,1
PURULIA JN.,VILLUPURAM JN.,1
RAIPUR JN.,GUDUM,1
SIKAR JN.,CHURU,1
PUSHKAR TERMINUS,AJMER JN.,1
QADIAN,AMRITSAR JN.,1
SHRIPAT SHRIKHANDA,BARDDHAMAN JN.,1
SHRI MATA VAISHNO DEVI KATRA,YESVANTPUR JN.,1
QUILON,ALLEPPEY,1
SHRI MATA VAISHNO DEVI KATRA,RISHIKESH,1
SHRI MATA VAISHNO DEVI KATRA,MANGALORE CENTRAL,1
SHRI MATA VAISHNO DEVI KATRA,LUCKNOW JN.,1
SHRI MATA VAISHNO DEVI KATRA,KOTA,1
SECUNDERABAD JN.,SIRPURKAGHAZ NAGAR,1
PURI,TIRUPATI,1
RANCHI,ASANSOL MAIN,1
SILIGURI JN.,BALURGHAT,1
PURI,VALSAD,1
SILIGURI JN.,ALIPUR DUAR JN.,1
SILGHAT TOWN,GUWAHATI,1
PURI,YESVANTPUR JN.,1
PURNA  JN.,ADILABAD,1
SECUNDERABAD JN.,RAJKOT,1
SILCHAR,DULLABCHERRA,1
SILCHAR,VANGAICHUNGPAO,1
PURNA  JN.,HYDERABAD DECCAN,1
PURNA  JN.,PARLI VAIJNATH,1
PURNA  JN.,PATNA JN.,1
PURNEA COURT,PATNA JN.,1
SECUNDERABAD JN.,REPALLE,1
SILCHAR,SEALDAH,1
SILCHAR,NEW DELHI,1
SECUNDERABAD JN.,SAI NAGAR SHIRDI,1
RANCHI,ANAND VIHAR TERMINAL,1
SILGHAT TOWN,ALIPUR DUAR JN.,1
SHRI GANGANAGAR,TIRUCHIRAPPALLI JN.,1
RAGHUNATHPUR,PATNA JN.,1
SHRI GANGANAGAR,REWARI JN.,1
SHRI GANGANAGAR,NANDED,1
SHRI GANGANAGAR,KOTA,1
RAICHUR,BIJAPUR JN,1
RAICHUR,GADWAL,1
SECUNDERABAD JN.,VIKRABAD JN.,1
SHRI GANGANAGAR,JAMMU TAWI,1
SHRI MATA VAISHNO DEVI KATRA,KANNIYAKUMARI,1
SHRI GANGANAGAR,HOWRAH JN.,1
SHRI GANGANAGAR,HARIDWAR JN,1
RAIGARH,GONDIA JN.,1
RAIGARH,HAZRAT NIZAMUDDIN JN,1
SHRI GANGANAGAR,FIROZPUR CANTT JN.,1
SHRI GANGANAGAR,DELHI JN.,1
SECUNDERABAD JN.,YESVANTPUR JN.,1
RAMTEK,NAGPUR JN.(CR),1
SHORANUR JN.,TRIVANDRUM CENTRAL,1
SHORANUR JN.,ERNAKULAM. JN,1
RAICHUR,KACHEGUDA,1
QUILON,KAKINADA TOWN,1
QUILON,KANNIYAKUMARI,1
SHRI MATA VAISHNO DEVI KATRA,KAMAKHYA JN,1
QUILON,KOTTAYAM,1
QUILON,NARASAPUR,1
SHRI MATA VAISHNO DEVI KATRA,KALKA,1
SHRI MATA VAISHNO DEVI KATRA,JAMNAGAR,1
QUILON,NIZAMABAD,1
SHRI MATA VAISHNO DEVI KATRA,JABALPUR,1
SHRI MATA VAISHNO DEVI KATRA,INDORE BG,1
SECUNDERABAD JN.,UMDANAGAR,1
QUILON,VIJAYWADA JN.,1
SECUNDERABAD JN.,TANDUR,1
R BLOCK HALT,DIGHA GHAT,1
SHRI MATA VAISHNO DEVI KATRA,CHENNAI CENTRAL,1
RADHIKAPUR,KOLKATA,1
RADHIKAPUR,SILIGURI JN.,1
SHRI MATA VAISHNO DEVI KATRA,BANDRA TERMINUS,1
RAE BARELI JN.,JAUNPUR JN.,1
SHRI MATA VAISHNO DEVI KATRA,ANAND VIHAR TERMINAL,1
RAE BARELI JN.,PARTAPGARH JN.,1
SHRI MATA VAISHNO DEVI KATRA,HAPA,1
OKHA,BHAVNAGAR TERMINUS,1
OKHA,DEHRA DUN,1
OKHA,ERNAKULAM. JN,1
RAYAGADA JN.,JUNAGARH ROAD,1
OKHA,GORAKHPUR JN.,1
OKHA,GUWAHATI,1
OKHA,HAPA,1
OKHA,JAIPUR JN.,1
OKHA,MUMBAI CENTRAL,1
PEDDAPALLI,MAHBUBABAD,1
TIRUNELVELI JN,JAMNAGAR,1
OKHA,PURI,1
OKHA,RAMESWARAM,1
OKHA,SOMNATH,1
RAYA DRUG,TIRUPATI,1
OKHA,TUTICORIN,1
OKHA,VARANASI JN.,1
OKHA,VIRAMGAM JN,1
OLD MALDA,SINGHABAD,1
ONGOLE,GUDUR JN.,1
OKHA,NATHDWARA,1
NIMTITA,KATWA JN.,1
NIZAMABAD,BODHAN,1
RENIGUNTA JN.,AURANGABAD,1
RAYAGADA JN.,VISAKHAPATNAM,1
NIZAMABAD,KARIM NAGAR,1
NIZAMABAD,LOKMANYA TILAK TERMINUS,1
NIZAMABAD,NANDED,1
NIZAMABAD,PANDHARPUR,1
NIZAMABAD,PUNE JN.,1
TIRUNELVELI JN,NAGERCOIL JN.,1
NORTH LAKHIMPUR,MURKEONG SELEK,1
RAYAGADA JN.,VIJAYWADA JN.,1
TIRUNELVELI JN,TUTICORIN,1
RAYAGADA JN.,SAMBALPUR JN.,1
NSC BOSE J GOMO,BARWADIH JN,1
NSC BOSE J GOMO,CHAKARADHARPUR,1
NSC BOSE J GOMO,CHOPAN,1
NSC BOSE J GOMO,KHARAGPUR,1
NSC BOSE J GOMO,SINDRI TOWN,1
OKHA,AHMEDABAD,1
NIZAMABAD,QUILON,1
TIRUCHIRAPPALLI JN.,MANNARGUDI,1
PALASA,VIZIANAGARAM JN.,1
TIRUCHIRAPPALLI JN.,MANAMADURAI,1
SEALDAH,MALDA TOWN,1
PALGHAT TOWN,COIMBATORE  JN.,1
SEALDAH,MUZAFFARPUR JN.,1
RAXAUL JN.,SAGAULI JN.,1
RAXAUL JN.,PATLIPUTRA,1
PALGHAT TOWN,ERODE JN.,1
RAXAUL JN.,SITAMARHI,1
PALGHAT TOWN,PALANI,1
PALITANA,BANDRA TERMINUS,1
PALLAVARAM,CHENNAI BEACH,1
PALWAL,AGRA CANTT,1
SEALDAH,NEW COOCH BEHAR,1
PALWAL,ALIGARH JN.,1
PALWAL,DELHI JN.,1
TIRUCHIRAPPALLI JN.,HOWRAH JN.,1
PALWAL,HAZRAT NIZAMUDDIN JN,1
TIRUCHIRAPPALLI JN.,DINDIGUL JN,1
RAXAUL JN.,NARKATIAGANJ JN.,1
ONGOLE,TENALI JN.,1
TIRUNELVELI JN,BILASPUR JN.,1
TIRUNELVELI JN,BAGAVATHIPURAM,1
PALAKKAD JN,CHENNAI CENTRAL,1
PALAKKAD JN,ERNAKULAM. JN,1
PALAKKAD JN,NILAMBUR ROAD,1
PALAKKAD JN,PUNALUR,1
PALAKKAD JN,TIRUCHENDUR,1
PALANI,MADURAI JN,1
PALANI,PALGHAT TOWN,1
PALASA,GUNUPUR,1
PALANI,POLLACHI,1
TIRUCHIRAPPALLI JN.,VRIDHA CHALAM JN.,1
TIRUCHIRAPPALLI JN.,TRIVANDRUM CENTRAL,1
TIRUCHIRAPPALLI JN.,RAMESWARAM,1
PALANPUR JN,GANDHIDHAM JN.,1
PALANPUR JN,JODHPUR JN.,1
PALANPUR JN,NEW BHUJ,1
PALASA,BHUBANESWAR,1
TIRUCHIRAPPALLI JN.,NAGORE,1
PALASA,CUTTACK JN.,1
TIRUMALPUR,CHENGALPATTU,1
TIRUPATI,NAGARSOL,1
NEW DELHI,MOGA,1
TIRUPATI,MOOR MARKET,1
NEW DELHI,NAHARLAGUN,1
NEW DELHI,NEW JALPAIGURI JN,1
TIRUPATI,MANNARGUDI,1
NEW DELHI,PONDICHERRY,1
REWA,CHIRMIRI,1
TIRUPATI,MACHILIPATNAM,1
NIMTITA,AZIMGANJ JN.,1
SEALDAH,KATWA JN.,1
TIRUPATI,KRANTIVIRA SANGOLLI RAYANNA (BENGALURU STATION),1
SEALDAH,KOLKATA,1
REWA,BILASPUR JN.,1
REWA,BHOPAL,1
TIRUPATI,KARIM NAGAR,1
NEW DELHI,SHMATA VD KATRA,1
SEALDAH,KWAKDWIP,1
TIRUPATI,KAKINADA PORT,1
NEW DELHI,SILCHAR,1
NEW DELHI,RAJGIR,1
TIRUPATI,VASCO-DA-GAMA,1
NEW DELHI,GUWAHATI,1
NEW DELHI,HABIBGANJ,1
TIRUPATI,SANTRAGACHI JN.,1
NEW DELHI,HYDERABAD DECCAN,1
NEW DELHI,ISLAMPUR,1
NEW DELHI,JABALPUR,1
TIRUPATI,SAI NAGAR SHIRDI,1
NEW DELHI,JALANDHAR CITY JN.,1
NEW DELHI,MALDA TOWN,1
NEW DELHI,JAMMU TAWI,1
NEW DELHI,JAYNAGAR,1
TIRUPATI,RAMESWARAM,1
TIRUPATI,PURI,1
NEW DELHI,KATHGODAM,1
NEW DELHI,KRANTIVIRA SANGOLLI RAYANNA (BENGALURU STATION),1
REWA,HABIBGANJ,1
TIRUPATI,NELLORE,1
NEW DELHI,LUDHIANA JN.,1
TIRUPATI,NANDED,1
TIRUPATI,RAYA DRUG,1
RENIGUNTA JN.,KAKINADA TOWN,1
NEW JALPAIGURI JN,KISHANGANJ,1
NEW JALPAIGURI JN,MALDA TOWN,1
NEW JALPAIGURI JN,NEW DELHI,1
NEW JALPAIGURI JN,RAJENDRANAGAR TERMINAL,1
NEW JALPAIGURI JN,RANGIYA JN.,1
NEW JALPAIGURI JN,SEALDAH,1
NEW JALPAIGURI JN,SITAMARHI,1
NEW JALPAIGURI JN,UDAIPUR CITY,1
NEW DELHI,SONIPAT,1
NEW TINSUKIA JN,KRANTIVIRA SANGOLLI RAYANNA (BENGALURU STATION),1
NEW TINSUKIA JN,RANGIYA JN.,1
TIRUPATI,AMRAVATI,1
NIDADAVOLU JN.,NARASAPUR,1
NILAMBUR ROAD,ERNAKULAM. JN,1
TIRUPATI,ADILABAD,1
NILAMBUR ROAD,PALAKKAD JN,1
TIRUNINRAVUR,MOOR MARKET,1
NIMACH,KOTA,1
NIMACH,UDAIPUR CITY,1
RENIGUNTA JN.,GUDUR JN.,1
NEW DELHI,TRIVANDRUM CENTRAL,1
TIRUPATI,KACHEGUDA,1
TIRUPATI,JAMMU TAWI,1
TIRUPATI,HUBLI JN.,1
NEW DELHI,UNA HIMACHAL,1
TIRUPATI,HAZRAT NIZAMUDDIN JN,1
NEW DELHI,VISAKHAPATNAM,1
TIRUPATI,GUNTUR JN.,1
TIRUPATI,GUNTAKAL JN.,1
NEW JALPAIGURI JN,ALIPUR DUAR JN.,1
TIRUPATI,AURANGABAD,1
TIRUPATI,GUDUR JN.,1
TIRUPATI,COIMBATORE  JN.,1
NEW JALPAIGURI JN,CHENNAI CENTRAL,1
REWA,ANAND VIHAR TERMINAL,1
NEW JALPAIGURI JN,DARJEELING,1
TIRUPATI,CHHATRAPATI SHAHU MAHARAJ TERMINUS,1
NEW JALPAIGURI JN,DIGHA FS,1
TIRUPATI,BILASPUR JN.,1
SEALDAH,MADHYAM GRAM,1
SEALDAH,MAGRAHAT,1
NEW JALPAIGURI JN,AMRITSAR JN.,1
TATANAGAR JN,BADAMPAHAR,1
RATANAGARH JN,MERTA ROAD JN.,1
PATNA JN.,BARKAKANA,1
PATNA JN.,BATHINDA JN,1
TATANAGAR JN,AMRITSAR JN.,1
PATNA JN.,BILASPUR JN.,1
PATNA JN.,BUXAR,1
RATANAGARH JN,CHURU,1
PATNA JN.,CST-MUMBAI,1
RAXAUL JN.,HYDERABAD DECCAN,1
SECUNDERABAD JN.,GORAKHPUR JN.,1
RANINAGAR JALPAIGURI,HALDIBARI,1
SECUNDERABAD JN.,GUDUR JN.,1
PATNA JN.,HOWRAH JN.,1
TANTPUR,BARI,1
TANDUR,SECUNDERABAD JN.,1
PATNA JN.,JASIDIH JN.,1
TANDUR,HYDERABAD DECCAN,1
TAMBARAM,VILLUPURAM JN.,1
TAMBARAM,GUWAHATI,1
RATANAGARH JN,BIKANER JN.,1
PATLIPUTRA,BARAUNI JN.,1
TATANAGAR JN,DHANBAD JN.,1
TATANAGAR JN,DANAPUR,1
RATLAM JN,CHITTAURGARH JN,1
PATLIPUTRA,GORAKHPUR JN.,1
RATLAM JN,BHILWARA,1
RATLAM JN,AGRA  FORT,1
TATANAGAR JN,CHHAPRA JN.,1
PATLIPUTRA,LOKMANYA TILAK TERMINUS,1
TATANAGAR JN,BARBIL,1
TATANAGAR JN,CHAKULIA,1
TATANAGAR JN,CHAKARADHARPUR,1
TATANAGAR JN,BILASPUR JN.,1
PATLIPUTRA,PATNA JN.,1
PATLIPUTRA,RAXAUL JN.,1
PATLIPUTRA,YESVANTPUR JN.,1
PATNA GHAT,DIGHA GHAT,1
PATNA GHAT,PATNA JN.,1
TATANAGAR JN,BARKAKANA,1
PATNA JN.,AMRITSAR JN.,1
PATLIPUTRA,LUCKNOW JN.,1
PATNA JN.,PURNEA COURT,1
SURAT,JAMNAGAR,1
SURAT,HAPA,1
PATNA JN.,RANCHI,1
PATNA JN.,SAHARSA JN.,1
RANGIYA JN.,DIBRUGARH,1
PATNA JN.,SASARAM,1
PATNA JN.,SHALIMAR,1
PATNA JN.,VARANASI JN.,1
TAMBARAM,DIBRUGARH,1
PATTABIRAM E DEPOT,AVADI,1
SURAT,CHHAPRA JN.,1
SURAT,BHARUCH JN.,1
SURAT,BANDRA TERMINUS,1
SURAT,AMRAVATI,1
SECUNDERABAD JN.,HOWRAH JN.,1
SULTANPUR JN.,LOKMANYA TILAK TERMINUS,1
PATTABIRAM EAST CABIN,MOOR MARKET,1
SULTANPUR JN.,ANAND VIHAR TERMINAL,1
PEDDAPALLI,JAGITYAL,1
PATNA JN.,VASCO-DA-GAMA,1
TALGUPPA,SHIMOGA TOWN,1
TALEGAON,SHIVAJINAGAR,1
TALCHER,PURI,1
RANGIYA JN.,NEW TINSUKIA JN,1
PATNA JN.,KATIHAR JN.,1
PATNA JN.,KIUL JN.,1
SURENDRANAGAR,BOTAD,1
SURATGARH JN.,JAIPUR JN.,1
SURATGARH JN.,BATHINDA JN,1
RANGIYA JN.,NEW JALPAIGURI JN,1
PATNA JN.,PURNA  JN.,1
SURAT,SANJAN,1
SURAT,PURI,1
SURAT,NANDURBAR,1
SURAT,MUZAFFARPUR JN.,1
SURAT,MUMBAI CENTRAL,1
PATNA JN.,PATIALA,1
PATNA JN.,PATLIPUTRA,1
PATNA JN.,PATNA GHAT,1
PATNA JN.,PURI,1
SURAT,MALDA TOWN,1
PATNA JN.,MALDA TOWN,1
TINSUKIA JN.,DIBRUGARH TOWN,1
PANVEL,DAHANU ROAD,1
PANVEL,DIVA JN,1
PANVEL,GORAKHPUR JN.,1
TINSUKIA JN.,DANGARI,1
SEALDAH,SILCHAR,1
TILAK BRIDGE,SIRSA,1
TILAK BRIDGE,SADULPUR JN,1
PANVEL,NANDED,1
PATIALA,AMBALA CANTT JN,1
TILAK BRIDGE,ROHTAK JN.,1
TILAK BRIDGE,BULANDSHAHR,1
TILAIYA,DANAPUR,1
TIKUNIA,MAILANI JN.,1
RAVIKAMPADU,VISAKHAPATNAM,1
PARADEEP,PURI,1
THAWE JN.,GORAKHPUR JN.,1
PARADEEP,SANTRAGACHI JN.,1
RATNAGIRI,MADGOAN JN.,1
RATNAGIRI,DADAR,1
SEALDAH,THAKURNAGAR,1
PANDHARPUR,CST-MUMBAI,1
PANDHARPUR,MIRAJ JN.,1
TIRUCHIRAPPALLI JN.,CUDDALORE PORT JN.,1
PANDHARPUR,NIZAMABAD,1
PANDHARPUR,SAI NAGAR SHIRDI,1
PANDHARPUR,YESVANTPUR JN.,1
SEALDAH,NEW JALPAIGURI JN,1
RAXAUL JN.,DARBHANGA JN.,1
TIRUCHENDUR,TUTICORIN,1
TINSUKIA JN.,JORHAT TOWN,1
SEALDAH,PURI,1
TIRUCHENDUR,PALAKKAD JN,1
TIRUCHENDUR,CHENNAI EGMORE,1
PANIPAT JN.,ROHTAK JN.,1
PANKI,LUCKNOW JN.,1
TIRODI,ITWARI JN.,1
PANSKURA,DIGHA FS,1
PANSKURA,HALDIA,1
TINSUKIA JN.,LUMDING JN.,1
TINSUKIA JN.,LEDO,1
PANIPAT JN.,BHIWANI JN.,1
SECUNDERABAD JN.,BIKANER JN.,1
TENALI JN.,ONGOLE,1
TENALI JN.,MARKAPUR ROAD,1
TELTA,KATIHAR JN.,1
TATANAGAR JN,VISAKHAPATNAM,1
TATANAGAR JN,ROURKELA,1
SECUNDERABAD JN.,BOLARUM,1
TATANAGAR JN,LOKMANYA TILAK TERMINUS,1
TATANAGAR JN,KACHEGUDA,1
PARADEEP,VISAKHAPATNAM,1
TATANAGAR JN,ITWARI JN.,1
RATLAM JN,KOTA,1
PATHANKOT JN.,JAMMU TAWI,1
PATHANKOT JN.,JAWALAMUKHI ROAD,1
SECUNDERABAD JN.,CST-MUMBAI,1
PATHANKOT JN.,UDHAMPUR,1
TATANAGAR JN,HOWRAH JN.,1
SECUNDERABAD JN.,DANAPUR,1
SECUNDERABAD JN.,DARBHANGA JN.,1
PATHANKOT JN.,VERKA JN.,1
TATANAGAR JN,JAMMU TAWI,1
RATLAM JN,UDAIPUR CITY,1
THANJAVUR JN.,KUMBAKONAM,1
PARBHANI JN.,NANDED,1
PARLI VAIJNATH,ADILABAD,1
SEALDAH,VARANASI JN.,1
PARLI VAIJNATH,AKOLA JN.,1
PARLI VAIJNATH,MIRAJ JN.,1
PARLI VAIJNATH,PURNA  JN.,1
PARTAPGARH JN.,BHOPAL,1
PARTAPGARH JN.,DELHI JN.,1
THAKURNAGAR,SEALDAH,1
PARTAPGARH JN.,KANPUR CENTRAL JN.,1
PARTAPGARH JN.,LOKMANYA TILAK TERMINUS,1
SECUNDERABAD JN.,BALHARSHAH,1
THANJAVUR JN.,CHENNAI EGMORE,1
PARTAPGARH JN.,RAE BARELI JN.,1
PARTAPGARH JN.,VARANASI JN.,1
SECUNDERABAD JN.,BHUBANESWAR,1
PARVATSAR CITY,MAKRANA JN.,1
RATLAM JN,MATHURA JN.,1
SECUNDERABAD JN.,BIDAR,1
THANJAVUR JN.,KARAIKAL,1
CHENNAI BEACH,PONNERI,1
CHENNAI BEACH,ST. THOMAS MOUNT,1
CHENNAI BEACH,SULLURUPETTA,1
CHENNAI BEACH,VELLORE CANTT,1
CHENNAI CENTRAL,ALLEPPEY,1
CHENNAI CENTRAL,ARAKKONAM JN,1
CHENNAI CENTRAL,ASANSOL MAIN,1
CHENNAI CENTRAL,BHUBANESWAR,1
CHENNAI CENTRAL,BIKANER JN.,1
CHENNAI CENTRAL,BILASPUR JN.,1
CHENNAI CENTRAL,CHHAPRA JN.,1
CHENNAI CENTRAL,DELHI-SARAI ROHILLA,1
CHENNAI CENTRAL,ERNAKULAM. JN,1
CHENNAI CENTRAL,ERODE JN.,1
KARAIKAL,VELANKANNI,1
CHENNAI CENTRAL,HALDIA,1
CHENNAI CENTRAL,HUBLI JN.,1
CHENNAI CENTRAL,JAIPUR JN.,1
CHENNAI CENTRAL,JOLARPETTAI JN,1
CHENNAI CENTRAL,LOKMANYA TILAK TERMINUS,1
CHENNAI CENTRAL,LUCKNOW JN.,1
CHENNAI CENTRAL,METTUPALAIYAM JN.,1
CHENNAI CENTRAL,NAGARSOL,1
CHENNAI CENTRAL,NAGERCOIL JN.,1
CHENNAI CENTRAL,NEW DELHI,1
CHENNAI CENTRAL,NEW JALPAIGURI JN,1
CHENNAI CENTRAL,PALAKKAD JN,1
CHENNAI CENTRAL,PURI,1
CHENNAI CENTRAL,SAI NAGAR SHIRDI,1
CHENNAI CENTRAL,SHALIMAR,1
CHENNAI CENTRAL,GUDUR JN.,1
CHAKULIA,TATANAGAR JN,1
CHAMPAHATI,MAJERHAT,1
CHAMRAJANAGAR,KRANTIVIRA SANGOLLI RAYANNA (BENGALURU STATION),1
CHANDAFORT,BALHARSHAH,1
CHANDAFORT,GONDIA JN.,1
CHANDAUSI JN.,MORADABAD JN.,1
CHANDAUSI JN.,RISHIKESH,1
CHANDIA ROAD,CHIRMIRI,1
CHANDIGARH,AJMER JN.,1
CHANDIGARH,BANDRA TERMINUS,1
CHANDIGARH,DIBRUGARH,1
CHANDIGARH,FIROZPUR CANTT JN.,1
CHANDIGARH,INDORE BG,1
CHANDIGARH,JAIPUR JN.,1
CHENNAI BEACH,PALLAVARAM,1
CHANDIGARH,MADGOAN JN.,1
CHANDIGARH,NEW DELHI,1
CHANDIGARH,PATLIPUTRA,1
CHANDIGARH,PRAYAG JN.,1
CHANDIGARH,SAHARANPUR JN.,1
CHANDIGARH,YESVANTPUR JN.,1
CHANDRAPURA JN.,BHOJUDIH JN.,1
CHANNA PATNA,KOLAR,1
CHEMBUR,CST-MUMBAI,1
CHENGALPATTU,COIMBATORE  JN.,1
CHENGALPATTU,KACHEGUDA,1
CHENGALPATTU,KAKINADA PORT,1
CHENGALPATTU,MADURAI JN,1
CHENGALPATTU,TIRUMALPUR,1
CHENNAI BEACH,MELMARUVATHUR,1
CHANDIGARH,KOCHUVELI,1
CHHATRAPATI SHAHU MAHARAJ TERMINUS,GONDIA JN.,1
CHHATRAPATI SHAHU MAHARAJ TERMINUS,HAZRAT NIZAMUDDIN JN,1
CHHATRAPATI SHAHU MAHARAJ TERMINUS,HYDERABAD DECCAN,1
CHHATRAPATI SHAHU MAHARAJ TERMINUS,KRANTIVIRA SANGOLLI RAYANNA (BENGALURU STATION),1
CHHATRAPATI SHAHU MAHARAJ TERMINUS,NAGPUR JN.(CR),1
CHHATRAPATI SHAHU MAHARAJ TERMINUS,PUNE JN.,1
CHHATRAPATI SHAHU MAHARAJ TERMINUS,SANGLI,1
CHHATRAPATI SHAHU MAHARAJ TERMINUS,SATARA,1
CHHATRAPATI SHAHU MAHARAJ TERMINUS,SOLAPUR,1
CHHATRAPATI SHAHU MAHARAJ TERMINUS,TIRUPATI,1
CHHEOKI,ITARSI,1
CHHINWARA JN,AMLA JN.,1
CHHINWARA JN,BETUL,1
CHHINWARA JN,BORDHAI,1
CHENNAI CENTRAL,SHRI MATA VAISHNO DEVI KATRA,1
CHHINWARA JN,INDORE BG,1
CHHOTA UDEPUR,PRATAP NAGAR,1
CHIKJAJUR JN.,CHITRADURG,1
CHIKJAJUR JN.,GUNTAKAL JN.,1
CHIKMAGALURU,SHIMOGA TOWN,1
CHIKMAGALURU,YESVANTPUR JN.,1
CHIRMIRI,ANUPPUR JN.,1
CHIRMIRI,BILASPUR JN.,1
CHIRMIRI,CHANDIA ROAD,1
CHIRMIRI,KATNI MURWARA,1
CHIRMIRI,REWA,1
CHITRADURG,CHIKJAJUR JN.,1
CHITRADURG,HARIHAR JN.,1
CHITRAKUTDHAM KARWI,KANPUR CENTRAL JN.,1
CHITTAURGARH JN,RATLAM JN,1
CHHINWARA JN,DELHI-SARAI ROHILLA,1
CHENNAI CENTRAL,SRI SATYA SAI PRASANTI NILAYAM,1
CHENNAI CENTRAL,VASCO-DA-GAMA,1
CHENNAI CENTRAL,VISAKHAPATNAM,1
CHENNAI CENTRAL,YESVANTPUR JN.,1
CHENNAI EGMORE,DADAR,1
CHENNAI EGMORE,GAYA JN.,1
CHENNAI EGMORE,GURUVAYUR,1
CHENNAI EGMORE,JODHPUR JN.,1
CHENNAI EGMORE,KANNIYAKUMARI,1
CHENNAI EGMORE,KARAIKAL,1
CHENNAI EGMORE,KARAIKKUDI,1
CHENNAI EGMORE,MANGALORE CENTRAL,1
CHENNAI EGMORE,MANNARGUDI,1
CHENNAI EGMORE,NAGERCOIL JN.,1
CHENNAI EGMORE,SALEM JN.,1
CHHATRAPATI SHAHU MAHARAJ TERMINUS,DHANBAD JN.,1
CHENNAI EGMORE,TIRUCHENDUR,1
CHENNAI EGMORE,TUTICORIN,1
CHERVATTUR,MANGALORE CENTRAL,1
CHHAPRA JN.,CHENNAI CENTRAL,1
CHHAPRA JN.,CST-MUMBAI,1
CHHAPRA JN.,DELHI JN.,1
CHHAPRA JN.,DURAUNDHA JN,1
CHHAPRA JN.,DURG,1
CHHAPRA JN.,FARRUKHABAD JN,1
CHHAPRA JN.,LOKMANYA TILAK TERMINUS,1
CHHAPRA JN.,MATHURA JN.,1
CHHAPRA JN.,MAU JN.,1
CHHAPRA JN.,SURAT,1
CHHAPRA JN.,TATANAGAR JN,1
CHHATRAPATI SHAHU MAHARAJ TERMINUS,AHMEDABAD,1
CHENNAI EGMORE,THANJAVUR JN.,1
BIDAR,HUMNABAD,1
BIDAR,HYDERABAD DECCAN,1
BIDAR,LOKMANYA TILAK TERMINUS,1
BIDAR,PANDHARPUR,1
BIDAR,YESVANTPUR JN.,1
BIJAPUR JN,BOLARUM,1
BIJAPUR JN,CST-MUMBAI,1
BIJAPUR JN,HUBLI JN.,1
BIJAPUR JN,RAICHUR,1
BIKANER JN.,BILASPUR JN.,1
BIKANER JN.,CHENNAI CENTRAL,1
BIKANER JN.,CHURU,1
BIKANER JN.,COIMBATORE  JN.,1
BIKANER JN.,DADAR,1
CHAKARADHARPUR,TATANAGAR JN,1
BIKANER JN.,KOCHUVELI,1
BIKANER JN.,KOLKATA,1
BIKANER JN.,NANDED,1
BIKANER JN.,PURI,1
BIKANER JN.,RATANAGARH JN,1
BIKANER JN.,REWARI JN.,1
BIKANER JN.,SECUNDERABAD JN.,1
BIKANER JN.,YESVANTPUR JN.,1
BILARA,JODHPUR JN.,1
BILASPUR JN.,AMRITSAR JN.,1
BILASPUR JN.,BHAGAT-KI-KOTHI,1
BILASPUR JN.,BHOPAL,1
BILASPUR JN.,BIKANER JN.,1
BILASPUR JN.,CHENNAI CENTRAL,1
BILASPUR JN.,CHIRMIRI,1
BIKANER JN.,HISAR JN,1
BHOPAL,UJJAIN JN,1
BHUBANESWAR,BALANGIR,1
BHUBANESWAR,BANGALORE CANTT.,1
BHUBANESWAR,BANGRIPOSI,1
BHUBANESWAR,BHADRAKH,1
BHUBANESWAR,BOKARO STEEL CITY,1
BHUBANESWAR,CHENNAI CENTRAL,1
BHUBANESWAR,CST-MUMBAI,1
BHUBANESWAR,CUTTACK JN.,1
BHUBANESWAR,HOWRAH JN.,1
BHUBANESWAR,JAGADALPUR,1
BHUBANESWAR,KENDUJHAR,1
BHUBANESWAR,KRANTIVIRA SANGOLLI RAYANNA (BENGALURU STATION),1
BHUBANESWAR,KRISHNA RAJA PURAM,1
BIDAR,CST-MUMBAI,1
BHUBANESWAR,PALASA,1
BHUBANESWAR,PONDICHERRY,1
BHUBANESWAR,PUNE JN.,1
BHUBANESWAR,RAMESWARAM,1
BHUBANESWAR,ROURKELA,1
BHUBANESWAR,SECUNDERABAD JN.,1
BHUBANESWAR,VISAKHAPATNAM,1
BHUSAVAL JN.,CST-MUMBAI,1
BHUSAVAL JN.,DEVLALI,1
BHUSAVAL JN.,HAZRAT NIZAMUDDIN JN,1
BHUSAVAL JN.,ITARSI,1
BHUSAVAL JN.,KATNI,1
BHUSAVAL JN.,NARKHER,1
BHUSAVAL JN.,PUNE JN.,1
BHUSAVAL JN.,WARDHA JN.,1
BHUBANESWAR,LOKMANYA TILAK TERMINUS,1
BOKARO STEEL CITY,BHUBANESWAR,1
BOKARO STEEL CITY,RANCHI,1
BOLARUM,FALAKNUMA,1
BOLARUM,HYDERABAD DECCAN,1
BOLARUM,SECUNDERABAD JN.,1
BORDHAI,CHHINWARA JN,1
BORIVLI,DAHANU ROAD,1
BORIVLI,SURAT,1
BOTAD,BHAVNAGAR TERMINUS,1
BOTAD,SURENDRANAGAR,1
BOTAD JN (MG),AHMEDABAD JN.,1
BULANDSHAHR,TILAK BRIDGE,1
BUNIYADPUR,MALDA COURT,1
BURHWAL JN.,SITAPUR CANTT,1
BILASPUR JN.,ERNAKULAM. JN,1
BUXAR,FATUHA,1
BUXAR,MUGHAL SARAI JN.,1
BUXAR,PATNA JN.,1
BYNDOOR,KASARAGOD,1
CALICUT,SHORANUR JN.,1
CALICUT,TRICHUR,1
CALICUT,TRIVANDRUM CENTRAL,1
CANNING,BARASAT JN.,1
CASTLE ROCK,MIRAJ JN.,1
CHAIBASA,CHAKARADHARPUR,1
CHAKARADHARPUR,BARBIL,1
CHAKARADHARPUR,CHAIBASA,1
CHAKARADHARPUR,HOWRAH JN.,1
CHAKARADHARPUR,NSC BOSE J GOMO,1
CHAKARADHARPUR,ROURKELA,1
BURHWAL JN.,SITAPUR CITY JN.,1
BILASPUR JN.,HAPA,1
BILASPUR JN.,INDORE BG,1
BILASPUR JN.,KATNI,1
BILASPUR JN.,KORBA,1
BILASPUR JN.,NAGPUR JN.(CR),1
BILASPUR JN.,NEW DELHI,1
BILASPUR JN.,PATNA JN.,1
BILASPUR JN.,PENDRA ROAD,1
BILASPUR JN.,PUNE JN.,1
BILASPUR JN.,REWA,1
BILASPUR JN.,TATANAGAR JN,1
BILASPUR JN.,TIRUNELVELI JN,1
BILASPUR JN.,TIRUPATI,1
BILASPUR JN.,TITLA GARH JN.,1
BINA,BHOPAL,1
BOKARO STEEL CITY,ADRA,1
BINA,GWALIOR JN,1
BINA,JHANSI JN,1
BINA,KATNI,1
BINA,KATNI MURWARA,1
BINA,KOTA,1
BINA,NAGDA JN,1
BIRMITRAPUR,BARSUAN,1
BIRUR JN.,SHIMOGA TOWN,1
BISHNUPUR,BANKURA,1
BITRAGUNTA,CHENNAI CENTRAL,1
BITRAGUNTA,VIJAYWADA JN.,1
BODHAN,MAHBUBNAGAR,1
BODHAN,MIRZAPALI,1
BODHAN,NIZAMABAD,1
BOISAR,VASAI ROAD,1
BINA,DAMOH,1
DELHI JN.,KOTDWARA,1
DELHI JN.,KURUKSHETRA JN.,1
DELHI JN.,NARWANA JN.,1
DELHI JN.,PARTAPGARH JN.,1
DELHI JN.,RISHIKESH,1
DELHI JN.,SHRI GANGANAGAR,1
DELHI JN.,SITAPUR CITY JN.,1
DELHI JN.,TUNDLA JN,1
DELHI-SAFDAR JANG,DELHI-SAFDAR JANG,1
DELHI-SAFDAR JANG,KHADKI,1
DELHI-SAFDAR JANG,PAYYANUR,1
DELHI-SARAI ROHILLA,BANDRA TERMINUS,1
DELHI-SARAI ROHILLA,BHAGAT-KI-KOTHI,1
DELHI-SARAI ROHILLA,CHENNAI CENTRAL,1
CHITTAURGARH JN,UDAIPUR CITY,1
DELHI-SARAI ROHILLA,DEHRA DUN,1
DELHI-SARAI ROHILLA,FIROZPUR CANTT JN.,1
DELHI-SARAI ROHILLA,INDORE BG,1
DELHI-SARAI ROHILLA,JAIPUR JN.,1
DELHI-SARAI ROHILLA,JAMMU TAWI,1
DELHI-SARAI ROHILLA,KALKA,1
DELHI-SARAI ROHILLA,PORBANDAR,1
DELHI-SARAI ROHILLA,RAJKOT,1
DELHI-SARAI ROHILLA,UDAIPUR CITY,1
DELHI-SARAI ROHILLA,UDHAMPUR,1
DELHI-SARAI ROHILLA,YESVANTPUR JN.,1
DELVADA,JUNAGADH JN,1
DELVADA,VERAVAL MG,1
DEOGHAR,RANCHI,1
DERABABA NANAK,AMRITSAR JN.,1
DELHI-SARAI ROHILLA,CHHINWARA JN,1
DEHRI-ON-SON,MUGHAL SARAI JN.,1
DEKARGAON,BHALUKPONG,1
DEKARGAON,KAMAKHYA JN,1
DEKARGAON,MURKEONG SELEK,1
DEKARGAON,RANGAPARA NORTH,1
DELHI JN.,AGRA CANTT,1
DELHI JN.,AHMEDABAD,1
DELHI JN.,ALIPUR DUAR JN.,1
DELHI JN.,AMB  ANDAURA,1
DELHI JN.,ATARI JN,1
DELHI JN.,AZAMGARH,1
DELHI JN.,BARAUT,1
DELHI JN.,BAREILLY JN.,1
DELHI JN.,BATHINDA JN,1
DELHI JN.,KATHGODAM,1
DELHI JN.,DANKAUR,1
DELHI JN.,DIBRUGARH,1
DELHI JN.,FAIZABAD JN.,1
DELHI JN.,FARUKHNAGAR,1
DELHI JN.,FAZILKA JN.,1
DELHI JN.,FIROZPUR CANTT JN.,1
DELHI JN.,HARIDWAR JN,1
DELHI JN.,HATHRAS QILAH,1
DELHI JN.,HOSHIARPUR,1
DELHI JN.,JAISALMER,1
DELHI JN.,JAKHAL JN.,1
DELHI JN.,JAMMU TAWI,1
DELHI JN.,JIND JN,1
DELHI JN.,JODHPUR JN.,1
DELHI JN.,KALKA,1
DELHI JN.,CHHAPRA JN.,1
DIBRUGARH,HOWRAH JN.,1
DIBRUGARH,JHAJHA,1
DIBRUGARH,KANNIYAKUMARI,1
DIBRUGARH,KOLKATA,1
DIBRUGARH,LALGARH JN.,1
DIBRUGARH,NEW DELHI,1
DIBRUGARH,RANGIYA JN.,1
DIBRUGARH,TAMBARAM,1
DIBRUGARH TOWN,SIMALUGURI JN.,1
DIBRUGARH TOWN,TINSUKIA JN.,1
DIGHA FS,ASANSOL MAIN,1
DIGHA FS,MALDA TOWN,1
DIGHA FS,MECHEDA,1
DIGHA FS,NEW JALPAIGURI JN,1
DEVANHALLI,YESVANTPUR JN.,1
DIGHA FS,VISAKHAPATNAM,1
DIGHA GHAT,PATNA GHAT,1
DIGHA GHAT,R BLOCK HALT,1
DILDARNAGAR JN,MUGHAL SARAI JN.,1
DIMAPUR,MARIANI JN.,1
DINDIGUL JN,MADURAI JN,1
DINDIGUL JN,MAYILADUTURAI JN.,1
DINDIGUL JN,TIRUCHIRAPPALLI JN.,1
DINHATA,SILIGURI JN.,1
DIVA JN,PANVEL,1
DIVA JN,SAWANTWADI ROAD,1
DOMBIVLI CTL,BOISAR,1
DONGAR GARH,BILASPUR JN.,1
DORNAKAL JN.,BHADRACHALAM ROAD,1
DORNAKAL JN.,KAZIPET JN.,1
DIGHA FS,PURI,1
DEVLALI,BHUSAVAL JN.,1
DHANBAD JN.,ALLEPPEY,1
DHANBAD JN.,BANKURA,1
DHANBAD JN.,CHHATRAPATI SHAHU MAHARAJ TERMINUS,1
DHANBAD JN.,FIROZPUR CANTT JN.,1
DHANBAD JN.,GAYA JN.,1
DHANBAD JN.,HAZARIBAGH ROAD,1
DHANBAD JN.,KUSUNDA,1
DHANBAD JN.,RANCHI,1
DHANBAD JN.,TATANAGAR JN,1
DHARMABAD,MANMAD JN.,1
DHARMANAGAR,SILCHAR,1
DHARMAPURI,KRANTIVIRA SANGOLLI RAYANNA (BENGALURU STATION),1
DHARMAVARAM JN.,VIJAYWADA JN.,1
DHARWAD,KRANTIVIRA SANGOLLI RAYANNA (BENGALURU STATION),1
DIBRUGARH,GUWAHATI,1
DHARWAD,SOLAPUR,1
DHOLA JN,MAHUVA,1
DHOLPUR (NG),SIRMUTTRA,1
DHOLPUR (NG),TANTPUR,1
DHONE JN,GUNTUR JN.,1
DHRANGADHRA,BHAVNAGAR TERMINUS,1
DHUBRI,KAMAKHYA JN,1
DHUBRI,SILIGURI JN.,1
DHURI JN.,SIRSA,1
DIAMOND HARBOUR,BARUIPUR JN.,1
DIAMOND HARBOUR,SONARPUR JN.,1
DIBRUGARH,AMRITSAR JN.,1
DIBRUGARH,CHANDIGARH,1
DIBRUGARH,DELHI JN.,1
DIBRUGARH,FURKATING JN.,1
DHARWAD,MYSORE JN.,1
CST-MUMBAI,BHUBANESWAR,1
CST-MUMBAI,BHUSAVAL JN.,1
CST-MUMBAI,BIDAR,1
CST-MUMBAI,BIJAPUR JN,1
CST-MUMBAI,CHEMBUR,1
CST-MUMBAI,CHHAPRA JN.,1
CST-MUMBAI,FIROZPUR CANTT JN.,1
CST-MUMBAI,GONDIA JN.,1
CST-MUMBAI,GORAKHPUR JN.,1
CST-MUMBAI,JABALPUR,1
CST-MUMBAI,KANNIYAKUMARI,1
CST-MUMBAI,KRANTIVIRA SANGOLLI RAYANNA (BENGALURU STATION),1
CST-MUMBAI,LUCKNOW JN.,1
CST-MUMBAI,MANGALORE JN,1
DEHRI-ON-SON,BARKAKANA,1
CST-MUMBAI,PANDHARPUR,1
CST-MUMBAI,SECUNDERABAD JN.,1
CST-MUMBAI,SOLAPUR,1
CST-MUMBAI,TITVALA,1
CST-MUMBAI,TRIVANDRUM CENTRAL,1
CST-MUMBAI,VARANASI JN.,1
CUDDALORE PORT JN.,TIRUCHIRAPPALLI JN.,1
CUDDAPAH,ARAKKONAM JN,1
CUDDAPAH,PENDLIMARRI,1
CUTTACK JN.,BERHAMPUR,1
CUTTACK JN.,PALASA,1
CUTTACK JN.,PURI,1
DADAR,AJMER JN.,1
DADAR,BIKANER JN.,1
DADAR,CHENNAI EGMORE,1
CST-MUMBAI,NANDED,1
CHITTOOR,KACHEGUDA,1
CHOPAN,ALLAHABAD JN.,1
CHOPAN,BARWADIH JN,1
CHOPAN,NSC BOSE J GOMO,1
CHOPAN,RANCHI,1
CHOPAN,SHAKTINAGAR,1
CHUNAR JN.,ALLAHABAD JN.,1
CHUNAR JN.,BARWADIH JN,1
CHURCHGATE,VIRAR,1
CHURU,BIKANER JN.,1
CHURU,RATANAGARH JN,1
CHURU,SIKAR JN.,1
COIMBATORE  JN.,BIKANER JN.,1
COIMBATORE  JN.,CHENGALPATTU,1
COIMBATORE  JN.,ERODE JN.,1
CST-MUMBAI,ASANSOL MAIN,1
COIMBATORE  JN.,JAIPUR JN.,1
COIMBATORE  JN.,KANNUR,1
COIMBATORE  JN.,LOKMANYA TILAK TERMINUS,1
COIMBATORE  JN.,MANNARGUDI,1
COIMBATORE  JN.,MAYILADUTURAI JN.,1
COIMBATORE  JN.,PALGHAT TOWN,1
COIMBATORE  JN.,POLLACHI,1
COIMBATORE  JN.,RAJKOT,1
COIMBATORE  JN.,RAMESWARAM,1
COIMBATORE  JN.,SALEM JN.,1
COIMBATORE  JN.,SHORANUR JN.,1
COIMBATORE  JN.,TIRUPATI,1
COIMBATORE  JN.,TRICHUR,1
CST-MUMBAI,AMRAVATI,1
CST-MUMBAI,AMRITSAR JN.,1
COIMBATORE  JN.,HAZRAT NIZAMUDDIN JN,1
DARBHANGA JN.,JAYNAGAR,1
DARBHANGA JN.,KATIHAR JN.,1
DARBHANGA JN.,KOLKATA,1
DARBHANGA JN.,LOKMANYA TILAK TERMINUS,1
DARBHANGA JN.,MUZAFFARPUR JN.,1
DARBHANGA JN.,MYSORE JN.,1
DARBHANGA JN.,NEW DELHI,1
DARBHANGA JN.,PUNE JN.,1
DARBHANGA JN.,RAXAUL JN.,1
DARBHANGA JN.,SAMASTIPUR JN.,1
DARBHANGA JN.,SECUNDERABAD JN.,1
DARJEELING,NEW JALPAIGURI JN,1
DATTAPUKUR,MAJERHAT,1
DAUND JN.,NANDED,1
DADAR,JALNA,1
DAURAM MADHEPURA,SAHARSA JN.,1
DEHRA DUN,ALIGARH JN.,1
DEHRA DUN,AMRITSAR JN.,1
DEHRA DUN,BANDRA TERMINUS,1
DEHRA DUN,DELHI-SARAI ROHILLA,1
DEHRA DUN,GORAKHPUR JN.,1
DEHRA DUN,INDORE BG,1
DEHRA DUN,KATHGODAM,1
DEHRA DUN,KOCHUVELI,1
DEHRA DUN,MADURAI JN,1
DEHRA DUN,MUZAFFARPUR JN.,1
DEHRA DUN,OKHA,1
DEHRA DUN,SAHARANPUR JN.,1
DEHRA DUN,UJJAIN JN,1
DEHRA DUN,VARANASI JN.,1
DAUND JN.,SAI NAGAR SHIRDI,1
DADAR,MADGOAN JN.,1
DADAR,MYSORE JN.,1
DADAR,PONDICHERRY,1
DADAR,RATNAGIRI,1
DADAR,SAWANTWADI ROAD,1
DAHANU ROAD,ANDHERI,1
DAHANU ROAD,PANVEL,1
DAHEJ,BHARUCH JN.,1
DAHOD,ANAND JN.,1
DAHOD,BHOPAL,1
DAHOD,VALSAD,1
DALIGANJ JN,NAKAHA JUNGLE,1
DALLI-RAJHARA,RAIPUR JN.,1
DAMOH,BHOPAL,1
DAMOH,BINA,1
DARBHANGA JN.,HOWRAH JN.,1
DANAPUR,BHAGALPUR,1
DANAPUR,KRANTIVIRA SANGOLLI RAYANNA (BENGALURU STATION),1
DANAPUR,MOKAMA JN.,1
DANAPUR,PUNE JN.,1
DANAPUR,RAGHUNATHPUR,1
DANAPUR,SAHARSA JN.,1
DANAPUR,SAHIBGANJ,1
DANAPUR,SECUNDERABAD JN.,1
DANAPUR,TATANAGAR JN,1
DANAPUR,TILAIYA,1
DANAPUR,UDHNA JN.,1
DANGARI,TINSUKIA JN.,1
DANKAUR,DELHI JN.,1
DANKAUR,SHAKUR BASTI,1
DARBHANGA JN.,AMRITSAR JN.,1
DANAPUR,ANAND VIHAR TERMINAL,1
AMRITSAR JN.,BILASPUR JN.,1
AMRITSAR JN.,CST-MUMBAI,1
AMRITSAR JN.,DARBHANGA JN.,1
AMRITSAR JN.,DEHRA DUN,1
AMRITSAR JN.,DERABABA NANAK,1
AMRITSAR JN.,DIBRUGARH,1
AMRITSAR JN.,GORAKHPUR JN.,1
AMRITSAR JN.,HARIDWAR JN,1
AMRITSAR JN.,INDORE BG,1
AMRITSAR JN.,KANPUR CENTRAL JN.,1
AMRITSAR JN.,KATIHAR JN.,1
AMRITSAR JN.,KOCHUVELI,1
AMRITSAR JN.,LALKUA JN.,1
AMRITSAR JN.,LUDHIANA JN.,1
BHOPAL,SINGRAULI,1
AMRITSAR JN.,NAGPUR JN.(CR),1
AMRITSAR JN.,NANGAL DAM,1
AMRITSAR JN.,NEW JALPAIGURI JN,1
AMRITSAR JN.,QADIAN,1
AMRITSAR JN.,SADULPUR JN,1
AMRITSAR JN.,SEALDAH,1
AMRITSAR JN.,TATANAGAR JN,1
AMRITSAR JN.,VISAKHAPATNAM,1
AMTA,SANTRAGACHI JN.,1
ANAND JN.,BHARUCH JN.,1
ANAND JN.,DAHOD,1
ANAND JN.,GANDHINAGAR CAPITAL,1
ANAND VIHAR TERMINAL,BALLIA,1
ANAND VIHAR TERMINAL,DANAPUR,1
ANAND VIHAR TERMINAL,GAYA JN.,1
AMRITSAR JN.,MUMBAI CENTRAL,1
ALLAHABAD JN.,UDHAMPUR,1
ALLEPPEY,CHENNAI CENTRAL,1
ALLEPPEY,DHANBAD JN.,1
ALLEPPEY,KAYANKULAM JN,1
ALLEPPEY,QUILON,1
ALWAR JN.,JAIPUR JN.,1
ALWAR JN.,MATHURA JN.,1
AMB  ANDAURA,DELHI JN.,1
AMB  ANDAURA,NANGAL DAM,1
AMBALA CANTT JN,BARAUNI JN.,1
AMBALA CANTT JN,BATHINDA JN,1
AMBALA CANTT JN,DHURI JN.,1
AMBALA CANTT JN,HARIDWAR JN,1
AMBALA CANTT JN,HAZRAT NIZAMUDDIN JN,1
AMRITSAR JN.,BANDRA TERMINUS,1
AMBALA CANTT JN,MEERUT CITY JN.,1
AMBALA CANTT JN,PATIALA,1
AMBERNATH,CST-MUMBAI,1
AMBIKAPUR,ANUPPUR JN.,1
AMBIKAPUR,DURG,1
AMBIKAPUR,JABALPUR,1
AMLA JN.,BETUL,1
AMLA JN.,CHHINWARA JN,1
AMLA JN.,NAGPUR JN.(CR),1
AMRAVATI,AJNI,1
AMRAVATI,CST-MUMBAI,1
AMRAVATI,JABALPUR,1
AMRAVATI,SURAT,1
AMRAVATI,TIRUPATI,1
AMRAVATI,WARDHA JN.,1
AMBALA CANTT JN,JALANDHAR CITY JN.,1
ARSIKERE JN.,KRANTIVIRA SANGOLLI RAYANNA (BENGALURU STATION),1
ASANSOL MAIN,BARABHUM,1
ASANSOL MAIN,BARKAKANA,1
ASANSOL MAIN,BHAVNAGAR TERMINUS,1
ASANSOL MAIN,CHENNAI CENTRAL,1
ASANSOL MAIN,CST-MUMBAI,1
ASANSOL MAIN,DIGHA FS,1
ASANSOL MAIN,DURGAPUR,1
ASANSOL MAIN,GONDA JN.,1
ASANSOL MAIN,GORAKHPUR JN.,1
ASANSOL MAIN,HALDIA,1
ASANSOL MAIN,HOWRAH JN.,1
ASANSOL MAIN,JHAJHA,1
ASANSOL MAIN,KHARAGPUR,1
ANAND VIHAR TERMINAL,GUWAHATI,1
ASANSOL MAIN,RANCHI,1
ASANSOL MAIN,SEALDAH,1
ASANSOL MAIN,VARANASI JN.,1
ATARI JN,DELHI JN.,1
ATARI JN,JABALPUR,1
AUNRIHAR JN.,SHAHGANJ JN.,1
AURANGABAD,HYDERABAD DECCAN,1
AURANGABAD,NANDED,1
AURANGABAD,QUILON,1
AURANGABAD,RENIGUNTA JN.,1
AURANGABAD,VARANASI JN.,1
AVADI,ARAKKONAM JN,1
AVADI,PATTABIRAM E DEPOT,1
AVADI,TIRUTTANI,1
AVADI,TIRUVALLUR,1
ASANSOL MAIN,PURULIA JN.,1
ANAND VIHAR TERMINAL,HALDIA,1
ANAND VIHAR TERMINAL,JASIDIH JN.,1
ANAND VIHAR TERMINAL,JAYNAGAR,1
ANAND VIHAR TERMINAL,JOGBANI,1
ANAND VIHAR TERMINAL,KAMAKHYA JN,1
ANAND VIHAR TERMINAL,KANPUR CENTRAL JN.,1
ANAND VIHAR TERMINAL,LALKUA JN.,1
ANAND VIHAR TERMINAL,MALDA TOWN,1
ANAND VIHAR TERMINAL,MAU JN.,1
ANAND VIHAR TERMINAL,MEERUT CITY JN.,1
ANAND VIHAR TERMINAL,MORADABAD JN.,1
ANAND VIHAR TERMINAL,RANCHI,1
ANAND VIHAR TERMINAL,REWA,1
ANAND VIHAR TERMINAL,SANTRAGACHI JN.,1
ANAND VIHAR TERMINAL,SHRI MATA VAISHNO DEVI KATRA,1
ARSIKERE JN.,HUBLI JN.,1
ANAND VIHAR TERMINAL,SULTANPUR JN.,1
ANAND VIHAR TERMINAL,VARANASI JN.,1
ANDAL JN.,JASIDIH JN.,1
ANDAL JN.,RAMPUR HAT,1
ANDHERI,DAHANU ROAD,1
ANGUL,PURI,1
ANKLESHWAR JN.,RAJPIPLA,1
ANUPPUR JN.,CHIRMIRI,1
ANUPPUR JN.,MANENDRAGARH,1
ARA,MUGHAL SARAI JN.,1
ARAKKONAM JN,CHENNAI CENTRAL,1
ARAKKONAM JN,CUDDAPAH,1
ARAKKONAM JN,JOLARPETTAI JN,1
ARAKKONAM JN,KATPADI JN,1
ARAKKONAM JN,KRANTIVIRA SANGOLLI RAYANNA (BENGALURU STATION),1
ANAND VIHAR TERMINAL,SITAMARHI,1
AGRA CANTT,DELHI JN.,1
AGRA CANTT,GWALIOR JN,1
AGRA CANTT,LOKMANYA TILAK TERMINUS,1
AGRA CANTT,LUCKNOW JN.,1
AGRA CANTT,NEW DELHI,1
AGRA CANTT,PALWAL,1
AGRA CANTT,TUNDLA JN,1
AHMEDABAD,AGRA  FORT,1
AHMEDABAD,AJMER JN.,1
AHMEDABAD,ALLAHABAD JN.,1
YESVANTPUR JN.,JAIPUR JN.,1
AHMEDABAD,BANDRA TERMINUS,1
AHMEDABAD,BHAGAT-KI-KOTHI,1
AHMEDABAD,CHHATRAPATI SHAHU MAHARAJ TERMINUS,1
ALLAHABAD JN.,SAHARANPUR JN.,1
AHMEDABAD,GANDHINAGAR CAPITAL,1
AHMEDABAD,GORAKHPUR JN.,1
AHMEDABAD,HARIDWAR JN,1
AHMEDABAD,HAZRAT NIZAMUDDIN JN,1
AHMEDABAD,HOWRAH JN.,1
AHMEDABAD,JAIPUR JN.,1
AHMEDABAD,JAMMU TAWI,1
AHMEDABAD,JODHPUR JN.,1
AHMEDABAD,KOLKATA,1
AHMEDABAD,LUCKNOW JN.,1
AHMEDABAD,MAHESANA JN,1
AHMEDABAD,MUZAFFARPUR JN.,1
AHMEDABAD,NAGPUR JN.(CR),1
AHMEDABAD,NEW DELHI,1
AHMEDABAD,OKHA,1
AHMEDABAD,DELHI JN.,1
ABOHAR,JODHPUR JN.,1
ABU ROAD,MAHESANA JN,1
ACHHNERA JN.,KASGANJ JN.,1
ADILABAD,NANDED,1
ADILABAD,PARLI VAIJNATH,1
ADILABAD,PURNA  JN.,1
ADILABAD,QUILON,1
ADILABAD,TIRUPATI,1
ADRA,BARABHUM,1
ADRA,BARKAKANA,1
ADRA,BHAGA JN,1
ADRA,BHOJUDIH JN.,1
ADRA,BISHNUPUR,1
ADRA,BOKARO STEEL CITY,1
AGRA CANTT,BAYANA,1
ADRA,HOWRAH JN.,1
ADRA,KHANODIH,1
WANKANER,RAJKOT,1
ADRA,KHARAGPUR,1
ADRA,MIDNAPORE,1
ADRA,PURULIA JN.,1
ADRA,SHALIMAR,1
YESVANTPUR JN.,VISAKHAPATNAM,1
AGARTALA,SILCHAR,1
AGRA  FORT,AHMEDABAD,1
AGRA  FORT,AJMER JN.,1
AGRA  FORT,JAIPUR JN.,1
AGRA  FORT,KASGANJ JN.,1
AGRA  FORT,KOTA,1
AGRA  FORT,RAMNAGAR,1
ADRA,GARBETA,1
AJNI,LOKMANYA TILAK TERMINUS,1
AJNI,PUNE JN.,1
AKOLA JN.,KACHEGUDA,1
AKOLA JN.,PARLI VAIJNATH,1
ALIGARH JN.,DEHRA DUN,1
ALIGARH JN.,MORADABAD JN.,1
ALIGARH JN.,NEW DELHI,1
ALIGARH JN.,PALWAL,1
ALIGARH JN.,TUNDLA JN,1
ALIPUR DUAR JN.,BAMANHAT,1
ALIPUR DUAR JN.,DELHI JN.,1
ALIPUR DUAR JN.,GUWAHATI,1
ALIPUR DUAR JN.,KAMAKHYA JN,1
ALIPUR DUAR JN.,LUMDING JN.,1
AHMEDABAD,SOMNATH,1
ALIPUR DUAR JN.,SEALDAH,1
ALIPUR DUAR JN.,SILGHAT TOWN,1
ALIPUR DUAR JN.,SILIGURI JN.,1
ALLAHABAD CITY,HOWRAH JN.,1
ALLAHABAD CITY,MAU JN.,1
ALLAHABAD JN.,AHMEDABAD,1
ALLAHABAD JN.,BASTI,1
ALLAHABAD JN.,CHOPAN,1
ALLAHABAD JN.,CHUNAR JN.,1
ALLAHABAD JN.,HARIDWAR JN,1
ALLAHABAD JN.,JAUNPUR JN.,1
ALLAHABAD JN.,LOKMANYA TILAK TERMINUS,1
ALLAHABAD JN.,LUCKNOW JN.,1
ALLAHABAD JN.,MANKAPUR JN.,1
ALLAHABAD JN.,MEERUT CITY JN.,1
ALIPUR DUAR JN.,NEW JALPAIGURI JN,1
AHMEDABAD,SULTANPUR JN.,1
AHMEDABAD,UDHAMPUR,1
AHMEDABAD,VALSAD,1
AHMEDABAD,VERAVAL,1
AHMEDABAD,YESVANTPUR JN.,1
AHMEDABAD JN.,BOTAD JN (MG),1
AJMER JN.,AGRA  FORT,1
AJMER JN.,AHMEDABAD,1
AJMER JN.,BANDRA TERMINUS,1
AJMER JN.,BHAGALPUR,1
AJMER JN.,CHANDIGARH,1
AJMER JN.,DADAR,1
AJMER JN.,DURG,1
AJMER JN.,ERNAKULAM. JN,1
AJMER JN.,HAZRAT NIZAMUDDIN JN,1
AJNI,KAZIPET JN.,1
AJMER JN.,JABALPUR,1
AJMER JN.,JAMMU TAWI,1
AJMER JN.,KISHANGANJ,1
AJMER JN.,KRANTIVIRA SANGOLLI RAYANNA (BENGALURU STATION),1
AJMER JN.,MARWAR JN.,1
AJMER JN.,MYSORE JN.,1
AJMER JN.,NEW DELHI,1
AJMER JN.,PURI,1
AJMER JN.,PUSHKAR TERMINUS,1
AJMER JN.,RAJENDRANAGAR TERMINAL,1
AJMER JN.,RANCHI,1
AJMER JN.,SANTRAGACHI JN.,1
AJMER JN.,SEALDAH,1
AJNI,AMRAVATI,1
AJNI,KARMALI,1
AJMER JN.,HYDERABAD DECCAN,1
BATHINDA JN,SURATGARH JN.,1
BATHUA BAZAR HALT,HAJIPUR JN.,1
BAYANA,AGRA CANTT,1
BAYANA,JAIPUR JN.,1
BAYANA,MATHURA JN.,1
BAYANA,YAMUNA BRIDGE,1
BELDA,KHARAGPUR,1
BELGAUM,HUBLI JN.,1
BELGAUM,YESVANTPUR JN.,1
BELLARY JN.,DHARWAD,1
BELLARY JN.,GUNTAKAL JN.,1
BENOY BADAL DINESH BAG,DUM DUM JN.,1
BENOY BADAL DINESH BAG,KRISHNA NAGAR CITY JN.,1
BERHAMPUR,CUTTACK JN.,1
AYODHYA,GORAKHPUR JN.,1
BETTIAH,GORAKHPUR JN.,1
BETUL,AMLA JN.,1
BETUL,CHHINWARA JN,1
BHADRACHALAM ROAD,DORNAKAL JN.,1
BHADRACHALAM ROAD,SIRPUR TOWN,1
BHADRACHALAM ROAD,VIJAYWADA JN.,1
BHADRAKH,BALASORE,1
BHADRAKH,HOWRAH JN.,1
BHADRAKH,KHARAGPUR,1
BHAGALPUR,AJMER JN.,1
BHAGALPUR,AZIMGANJ JN.,1
BHAGALPUR,DANAPUR,1
BHAGALPUR,JAMMU TAWI,1
BHAGALPUR,LOKMANYA TILAK TERMINUS,1
BHAGALPUR,MUZAFFARPUR JN.,1
BERHAMPUR,PALASA,1
BARHARWA JN.,BARDDHAMAN JN.,1
BARHARWA JN.,SAHIBGANJ,1
BARI,SIRMUTTRA,1
BARIPADA PH,BALASORE,1
BARIPADA PH,RUPSA JN.,1
BARKAKANA,ADRA,1
BARKAKANA,ASANSOL MAIN,1
BARKAKANA,DEHRI-ON-SON,1
BARKAKANA,PATNA JN.,1
BARKAKANA,TATANAGAR JN,1
BARKAKANA,VARANASI JN.,1
BARMER,GUWAHATI,1
BARMER,KALKA,1
BARMER,MUNABAO,1
BATHINDA JN,REWARI JN.,1
BARRACKPORE,BENOY BADAL DINESH BAG,1
BARRACKPORE,DUM DUM JN.,1
BARRACKPORE,MAJERHAT,1
BARSOI JN.,KATIHAR JN.,1
BARSUAN,BIRMITRAPUR,1
BARUI PARA,HOWRAH JN.,1
BARUIPUR JN.,DIAMOND HARBOUR,1
BARWADIH JN,CHOPAN,1
BARWADIH JN,CHUNAR JN.,1
BARWADIH JN,NSC BOSE J GOMO,1
BASTI,ALLAHABAD JN.,1
BASTI,GORAKHPUR JN.,1
BATHINDA JN,DELHI JN.,1
BATHINDA JN,DHURI JN.,1
BATHINDA JN,LALGARH JN.,1
BARMER,YESVANTPUR JN.,1
BHILWARA,RATLAM JN,1
BHIMAVARAM JN.,NIDADAVOLU JN.,1
BHIMAVARAM JN.,VIJAYWADA JN.,1
BHIMAVARAM TOWN,NIDADAVOLU JN.,1
BHIND,ETAWAH,1
BHIND,INDORE BG,1
BHIND,KOTA,1
BHIWANI JN.,DELHI JN.,1
BHIWANI JN.,DHURI JN.,1
BHIWANI JN.,KANPUR CENTRAL JN.,1
BHIWANI JN.,MATHURA JN.,1
BHIWANI JN.,PANIPAT JN.,1
BHIWANI JN.,REWARI JN.,1
BHOJUDIH JN.,ADRA,1
BHAGALPUR,NEW DELHI,1
BHOJUDIH JN.,CHANDRAPURA JN.,1
BHOJUDIH JN.,SHALIMAR,1
BHONGIR,FALAKNUMA,1
BHOPAL,BILASPUR JN.,1
BHOPAL,BINA,1
BHOPAL,DAHOD,1
BHOPAL,DAMOH,1
BHOPAL,DURG,1
BHOPAL,GWALIOR JN,1
BHOPAL,ITARSI,1
BHOPAL,JAIPUR JN.,1
BHOPAL,KHAJAURAHO,1
BHOPAL,LUCKNOW JN.,1
BHOPAL,PARTAPGARH JN.,1
BHOPAL,REWA,1
BHOJUDIH JN.,BHAGA JN,1
BHAGALPUR,RANCHI,1
BHAGALPUR,SAHIBGANJ,1
BHAGALPUR,YESVANTPUR JN.,1
BHAGAT-KI-KOTHI,AHMEDABAD,1
BHAGAT-KI-KOTHI,BANDRA TERMINUS,1
BHAGAT-KI-KOTHI,BILASPUR JN.,1
BHAGAT-KI-KOTHI,DELHI-SARAI ROHILLA,1
BHAGAT-KI-KOTHI,KAMAKHYA JN,1
BHAGAT-KI-KOTHI,KRANTIVIRA SANGOLLI RAYANNA (BENGALURU STATION),1
BHAGAT-KI-KOTHI,MANNARGUDI,1
BHAGAT-KI-KOTHI,MUNABAO,1
BHAGAT-KI-KOTHI,PUNE JN.,1
BHAGAT-KI-KOTHI,VISAKHAPATNAM,1
BHAIRABI,SILCHAR,1
BHALUKPONG,DEKARGAON,1
BHILDI JN,JODHPUR JN.,1
BHANJPUR,RUPSA JN.,1
BHANJPUR,SHALIMAR,1
BHARATPUR JN,KASGANJ JN.,1
BHARUCH JN.,ANAND JN.,1
BHARUCH JN.,DAHEJ,1
BHARUCH JN.,SURAT,1
BHARUCH JN.,VIRAR,1
BHAVNAGAR TERMINUS,ASANSOL MAIN,1
BHAVNAGAR TERMINUS,BOTAD,1
BHAVNAGAR TERMINUS,DHRANGADHRA,1
BHAVNAGAR TERMINUS,KAKINADA PORT,1
BHAVNAGAR TERMINUS,KOCHUVELI,1
BHAVNAGAR TERMINUS,MAHUVA,1
BHAVNAGAR TERMINUS,OKHA,1
BHILAD,VADODARA JN.,1
BHANJPUR,BALASORE,1
BALLIA,ANAND VIHAR TERMINAL,1
BALLIA,SEALDAH,1
BALLY,BANDEL JN.,1
BALLYGUNGE JN.,BARRACKPORE,1
"BALRAMPUR,",GWALIOR JN,1
BALURGHAT,HOWRAH JN.,1
BALURGHAT,KOLKATA,1
BALURGHAT,MALDA TOWN,1
BALURGHAT,SILIGURI JN.,1
BAMANHAT,ALIPUR DUAR JN.,1
BANASWADI,SAMBALPUR JN.,1
BANDEL JN.,BALLY,1
BANDEL JN.,MEMARI,1
BANDEL JN.,PUNDOOAH,1
BAREILLY JN.,VARANASI JN.,1
BANDRA TERMINUS,AHMEDABAD,1
BANDRA TERMINUS,AJMER JN.,1
BANDRA TERMINUS,AMRITSAR JN.,1
BANDRA TERMINUS,BHAGAT-KI-KOTHI,1
BANDRA TERMINUS,CHANDIGARH,1
BANDRA TERMINUS,DEHRA DUN,1
BANDRA TERMINUS,GHAZIPUR CITY,1
BANDRA TERMINUS,HARIDWAR JN,1
BANDRA TERMINUS,HISAR JN,1
BANDRA TERMINUS,JABALPUR,1
BANDRA TERMINUS,JAISALMER,1
BANDRA TERMINUS,JAMMU TAWI,1
BANDRA TERMINUS,JAMNAGAR,1
BANDRA TERMINUS,JHANSI JN,1
BANDRA TERMINUS,JODHPUR JN.,1
BANDIKUI JN.,BAREILLY JN.,1
AZAMGARH,DELHI JN.,1
AZAMGARH,KOLKATA,1
AZAMGARH,LOKMANYA TILAK TERMINUS,1
AZAMGARH,VARANASI CITY,1
AZIMGANJ JN.,BHAGALPUR,1
AZIMGANJ JN.,MALDA TOWN,1
AZIMGANJ JN.,NALHATI JN.,1
AZIMGANJ JN.,NIMTITA,1
AZIMGANJ JN.,SAHIBGANJ,1
BADAMPAHAR,TATANAGAR JN,1
BADARPUR JN.,DULLABCHERRA,1
BADLAPUR,CST-MUMBAI,1
BADSHAHNAGAR,GORAKHPUR JN.,1
BAGALKOT,MYSORE JN.,1
BAGAVATHIPURAM,TIRUNELVELI JN,1
BALLABGARH,SHAKUR BASTI,1
BAIYYAPPANAHALLI,KUPPAM,1
BAIYYAPPANAHALLI,MARIKUPPAM,1
BAIYYAPPANAHALLI,WHITE FIELD,1
BAKHTIYARPUR JN.,GAYA JN.,1
BALAMAU JN.,KANPUR CENTRAL JN.,1
BALAMAU JN.,LUCKNOW JN.,1
BALAMAU JN.,SHAHJAHANPUR JN,1
BALAMAU JN.,SITAPUR CANTT,1
BALANGIR,BHUBANESWAR,1
BALASORE,BHADRAKH,1
BALHARSHAH,BHADRACHALAM ROAD,1
BALHARSHAH,CHANDAFORT,1
BALHARSHAH,SECUNDERABAD JN.,1
BALHARSHAH,WARDHA JN.,1
BALICHAK,HOWRAH JN.,1
BAGNAN,SANTRAGACHI JN.,1
BARASAT JN.,HABRA,1
BARASAT JN.,MAJERHAT,1
BARAUNI JN.,AMBALA CANTT JN,1
BARAUNI JN.,ERNAKULAM. JN,1
BARAUNI JN.,GONDIA JN.,1
BARAUNI JN.,GWALIOR JN,1
BARAUNI JN.,HAJIPUR JN.,1
BARAUNI JN.,JAMMU TAWI,1
BARAUNI JN.,LUCKNOW JN.,1
BARAUNI JN.,NEW DELHI,1
BARAUNI JN.,PATLIPUTRA,1
BARAUNI JN.,SONPUR JN.,1
BARAUT,DELHI JN.,1
BARBIL,CHAKARADHARPUR,1
BANDRA TERMINUS,KANPUR CENTRAL JN.,1
BARBIL,PURI,1
BARBIL,TATANAGAR JN,1
BARDDHAMAN JN.,BARHARWA JN.,1
BARDDHAMAN JN.,HATIA,1
BARDDHAMAN JN.,MALDA TOWN,1
BARDDHAMAN JN.,SEALDAH,1
BARDDHAMAN JN.,SHRIPAT SHRIKHANDA,1
BAREILLY JN.,BANDIKUI JN.,1
BAREILLY JN.,DELHI JN.,1
BAREILLY JN.,INDORE BG,1
BAREILLY JN.,LOKMANYA TILAK TERMINUS,1
BAREILLY JN.,NEW DELHI,1
BAREILLY JN.,ROZA JN,1
BAREILLY JN.,SHAKTINAGAR,1
BAREILLY JN.,SINGRAULI,1
BARBIL,HOWRAH JN.,1
BANDRA TERMINUS,LUCKNOW JN.,1
BANDRA TERMINUS,MUZAFFARPUR JN.,1
BANDRA TERMINUS,PALITANA,1
BANDRA TERMINUS,PATNA JN.,1
BANDRA TERMINUS,RAMNAGAR,1
BANDRA TERMINUS,SHRI MATA VAISHNO DEVI KATRA,1
BANDRA TERMINUS,SURAT,1
BANDRA TERMINUS,VAPI,1
BANDRA TERMINUS,VERAVAL,1
BANGALORE CANTT.,BANGARPET JN.,1
BANGALORE CANTT.,BHUBANESWAR,1
BANGALORE CANTT.,GUWAHATI,1
BANGALORE CANTT.,HATIA,1
BANGALORE CANTT.,KAMAKHYA JN,1
BANGALORE CANTT.,KOLAR,1
BARASAT JN.,DUM DUM JN.,1
BANGAON JN.,CANNING,1
BANGAON JN.,SHANTIPUR JN.,1
BANGARPET JN.,KUPPAM,1
BANGRIPOSI,BHUBANESWAR,1
BANKA,JASIDIH JN.,1
BANKA,RAJENDRANAGAR TERMINAL,1
BANKURA,ADRA,1
BANKURA,BISHNUPUR,1
BANKURA,KHARAGPUR,1
BANKURA,SONAMUKHI PH,1
BARA BANKI JN.,KANPUR CENTRAL JN.,1
BARABHUM,ADRA,1
BARABHUM,ASANSOL MAIN,1
BARAMATI,DAUND JN.,1
BARASAT JN.,DATTAPUKUR,1
BANGALORE CANTT.,VIJAYWADA JN.,1
KAMAKHYA JN,RAJENDRANAGAR TERMINAL,1
KAMAKHYA JN,RANCHI,1
KAMAKHYA JN,SHRI MATA VAISHNO DEVI KATRA,1
KAMAKHYA JN,YESVANTPUR JN.,1
KANALUS,PORBANDAR,1
KANKURGACHHI ROAD JN.,BARRACKPORE,1
KANKURGACHHI ROAD JN.,NAIHATI JN.,1
KANNIYAKUMARI,CHENNAI EGMORE,1
KANNIYAKUMARI,CST-MUMBAI,1
KANNIYAKUMARI,DIBRUGARH,1
KANNIYAKUMARI,HAZRAT NIZAMUDDIN JN,1
KANNIYAKUMARI,HOWRAH JN.,1
KANNIYAKUMARI,KRANTIVIRA SANGOLLI RAYANNA (BENGALURU STATION),1
KANNIYAKUMARI,PONDICHERRY,1
DORNAKAL JN.,VIJAYWADA JN.,1
KANNIYAKUMARI,QUILON,1
KANNIYAKUMARI,RAMESWARAM,1
KANNIYAKUMARI,SHRI MATA VAISHNO DEVI KATRA,1
KANNIYAKUMARI,TIRUNELVELI JN,1
KANNUR,CALICUT,1
KANNUR,CHERVATTUR,1
KANNUR,COIMBATORE  JN.,1
KANNUR,ERNAKULAM. JN,1
KANNUR,KRANTIVIRA SANGOLLI RAYANNA (BENGALURU STATION),1
KANNUR,MANGALORE CENTRAL,1
KANNUR,SHORANUR JN.,1
KANNUR,TRIVANDRUM CENTRAL,1
KANNUR,YESVANTPUR JN.,1
KANPUR ANWARGANJ,FAIZABAD JN.,1
KANPUR ANWARGANJ,FARRUKHABAD JN,1
KANNIYAKUMARI,PUNALUR,1
KAKINADA PORT,BHAVNAGAR TERMINUS,1
KAKINADA PORT,CHENGALPATTU,1
KAKINADA PORT,KACHEGUDA,1
KAKINADA PORT,LOKMANYA TILAK TERMINUS,1
KAKINADA PORT,SAI NAGAR SHIRDI,1
KAKINADA PORT,SECUNDERABAD JN.,1
KAKINADA PORT,TIRUPATI,1
KAKINADA PORT,VISAKHAPATNAM,1
KAKINADA TOWN,KOTIPALLI,1
KAKINADA TOWN,KRANTIVIRA SANGOLLI RAYANNA (BENGALURU STATION),1
KAKINADA TOWN,QUILON,1
KAKINADA TOWN,RENIGUNTA JN.,1
KALKA,BARMER,1
KALKA,DELHI JN.,1
KAMAKHYA JN,MURKEONG SELEK,1
KALKA,HOWRAH JN.,1
KALKA,SAI NAGAR SHIRDI,1
KALKA,SHRI MATA VAISHNO DEVI KATRA,1
KALYANI SIMANTA,BUDGE BUDGE,1
KALYANI SIMANTA,NAIHATI JN.,1
KALYANI SIMANTA,NEW ALIPUR (CALCUTTA),1
KAMAKHYA JN,ALIPUR DUAR JN.,1
KAMAKHYA JN,ANAND VIHAR TERMINAL,1
KAMAKHYA JN,BANGALORE CANTT.,1
KAMAKHYA JN,BHAGAT-KI-KOTHI,1
KAMAKHYA JN,DEKARGAON,1
KAMAKHYA JN,DHUBRI,1
KAMAKHYA JN,GANDHIDHAM JN.,1
KAMAKHYA JN,GAYA JN.,1
KAMAKHYA JN,JAIPUR JN.,1
KALKA,DELHI-SARAI ROHILLA,1
KARIM NAGAR,SIRPUR TOWN,1
KARIM NAGAR,TIRUPATI,1
KARJAT,PUNE JN.,1
KARMALI,AJNI,1
KARMALI,LOKMANYA TILAK TERMINUS,1
KASARAGOD,BYNDOOR,1
KASGANJ JN.,ACHHNERA JN.,1
KASGANJ JN.,AGRA  FORT,1
KASGANJ JN.,BHARATPUR JN,1
KASGANJ JN.,KANPUR CENTRAL JN.,1
KASGANJ JN.,LUCKNOW JN.,1
KASGANJ JN.,SHIKOHABAD JN.,1
KASHIPUR JN,MORADABAD JN.,1
KASHIPUR JN,RAMNAGAR,1
KANPUR ANWARGANJ,GORAKHPUR JN.,1
KATHGODAM,DELHI JN.,1
KATHGODAM,HOWRAH JN.,1
KATHGODAM,JAISALMER,1
KATHGODAM,JAMMU TAWI,1
KATHGODAM,KANPUR CENTRAL JN.,1
KATHGODAM,LUCKNOW JN.,1
KATHGODAM,NEW DELHI,1
KATIHAR JN.,AMRITSAR JN.,1
KATIHAR JN.,BARSOI JN.,1
KATIHAR JN.,DARBHANGA JN.,1
KATIHAR JN.,HAJIPUR JN.,1
KATIHAR JN.,JAYNAGAR,1
KATIHAR JN.,MALDA TOWN,1
KATIHAR JN.,PATNA JN.,1
KATIHAR JN.,SAMASTIPUR JN.,1
KATHGODAM,DEHRA DUN,1
KANPUR CENTRAL JN.,AMRITSAR JN.,1
KANPUR CENTRAL JN.,ANAND VIHAR TERMINAL,1
KANPUR CENTRAL JN.,BALAMAU JN.,1
KANPUR CENTRAL JN.,BANDRA TERMINUS,1
KANPUR CENTRAL JN.,BARA BANKI JN.,1
KANPUR CENTRAL JN.,BHIWANI JN.,1
KANPUR CENTRAL JN.,CHITRAKUTDHAM KARWI,1
KANPUR CENTRAL JN.,DURG,1
KANPUR CENTRAL JN.,ETAWAH,1
KANPUR CENTRAL JN.,JAMMU TAWI,1
KANPUR CENTRAL JN.,JHANSI JN,1
KANPUR CENTRAL JN.,KASGANJ JN.,1
KANPUR CENTRAL JN.,KATHGODAM,1
KANPUR CENTRAL JN.,KHAJAURAHO,1
KANPUR CENTRAL JN.,PANKI,1
KARIM NAGAR,QUILON,1
KANPUR CENTRAL JN.,SITAPUR CITY JN.,1
KANPUR CENTRAL JN.,TUNDLA JN,1
KANPUR CENTRAL JN.,VALSAD,1
KANPUR CENTRAL JN.,VARANASI JN.,1
KAPTANGANJ JN.,GORAKHPUR JN.,1
KAPTANGANJ JN.,THAWE JN.,1
KARAIKAL,CHENNAI EGMORE,1
KARAIKAL,ERNAKULAM. JN,1
KARAIKAL,KRANTIVIRA SANGOLLI RAYANNA (BENGALURU STATION),1
KARAIKAL,LOKMANYA TILAK TERMINUS,1
KARAIKAL,THANJAVUR JN.,1
KARAIKKUDI,CHENNAI EGMORE,1
KARAIKKUDI,VIRUDUNAGAR JN,1
KARIM NAGAR,JAGITYAL,1
KARIM NAGAR,NIZAMABAD,1
KANPUR CENTRAL JN.,PARTAPGARH JN.,1
JASIDIH JN.,KIUL JN.,1
JASIDIH JN.,KOLKATA,1
JASIDIH JN.,MOKAMA JN.,1
JASIDIH JN.,PATNA JN.,1
JAUNPUR JN.,ALLAHABAD JN.,1
JAUNPUR JN.,PRAYAG JN.,1
JAUNPUR JN.,RAE BARELI JN.,1
JAUNPUR JN.,VARANASI JN.,1
JAWALAMUKHI ROAD,PATHANKOT JN.,1
JAYNAGAR,ANAND VIHAR TERMINAL,1
JAYNAGAR,DARBHANGA JN.,1
JAYNAGAR,HOWRAH JN.,1
JAYNAGAR,KATIHAR JN.,1
JAYNAGAR,KOLKATA,1
KADAMBATTUR,VELACHEERY,1
JAYNAGAR,NEW DELHI,1
JAYNAGAR,PURI,1
JAYNAGAR,RAJENDRANAGAR TERMINAL,1
JAYNAGAR,RANCHI,1
JAYNAGAR,SEALDAH,1
JAYNAGAR,UDHNA JN.,1
JHAJHA,ASANSOL MAIN,1
JHAJHA,DIBRUGARH,1
JHAJHA,GAYA JN.,1
JHAJHA,JASIDIH JN.,1
JHANSI JN,ALLAHABAD JN.,1
JHANSI JN,BANDA JN,1
JHANSI JN,BANDRA TERMINUS,1
JHANSI JN,BINA,1
JHANSI JN,ETAWAH,1
JAYNAGAR,LOKMANYA TILAK TERMINUS,1
JAMMU TAWI,AJMER JN.,1
JAMMU TAWI,BANDRA TERMINUS,1
JAMMU TAWI,BARAUNI JN.,1
JAMMU TAWI,BHAGALPUR,1
JAMMU TAWI,DELHI JN.,1
JAMMU TAWI,DELHI-SARAI ROHILLA,1
JAMMU TAWI,GORAKHPUR JN.,1
JAMMU TAWI,HOWRAH JN.,1
JAMMU TAWI,INDORE BG,1
JAMMU TAWI,KANPUR CENTRAL JN.,1
JAMMU TAWI,KATHGODAM,1
JAMMU TAWI,KOLKATA,1
JAMMU TAWI,NEW DELHI,1
JAMMU TAWI,PATHANKOT JN.,1
JASIDIH JN.,JHAJHA,1
JAMMU TAWI,RAJENDRANAGAR TERMINAL,1
JAMMU TAWI,SHRI GANGANAGAR,1
JAMMU TAWI,TATANAGAR JN,1
JAMMU TAWI,TIRUPATI,1
JAMMU TAWI,VARANASI JN.,1
JAMNAGAR,BANDRA TERMINUS,1
JAMNAGAR,SHRI MATA VAISHNO DEVI KATRA,1
JAMNAGAR,SURAT,1
JAMNAGAR,TIRUNELVELI JN,1
JANGAON,FALAKNUMA,1
JANGIPUR ROAD,SEALDAH,1
JASIDIH JN.,ANAND VIHAR TERMINAL,1
JASIDIH JN.,ANDAL JN.,1
JASIDIH JN.,ASANSOL MAIN,1
JASIDIH JN.,BANKA,1
JAMMU TAWI,PUNE JN.,1
JOLARPETTAI JN,ARAKKONAM JN,1
JOLARPETTAI JN,CHENNAI CENTRAL,1
JOLARPETTAI JN,KRANTIVIRA SANGOLLI RAYANNA (BENGALURU STATION),1
JORHAT TOWN,GUWAHATI,1
JORHAT TOWN,TINSUKIA JN.,1
JUNAGADH JN,DELVADA,1
JUNAGADH JN,KHIJADIYA JN,1
JUNAGARH ROAD,LANJI GARH ROAD,1
JUNAGARH ROAD,RAIPUR JN.,1
JUNAGARH ROAD,RAYAGADA JN.,1
KACHEGUDA,AKOLA JN.,1
KACHEGUDA,BODHAN,1
KACHEGUDA,CHENGALPATTU,1
KACHEGUDA,CHITTOOR,1
JHANSI JN,HAZRAT NIZAMUDDIN JN,1
KACHEGUDA,KAKINADA PORT,1
KACHEGUDA,KRANTIVIRA SANGOLLI RAYANNA (BENGALURU STATION),1
KACHEGUDA,KRISHNA RAJA PURAM,1
KACHEGUDA,KURNOOL TOWN,1
KACHEGUDA,MADURAI JN,1
KACHEGUDA,MANGALORE CENTRAL,1
KACHEGUDA,MANMAD JN.,1
KACHEGUDA,MEDCHAL,1
KACHEGUDA,NAGERCOIL JN.,1
KACHEGUDA,NARKHER,1
KACHEGUDA,RAICHUR,1
KACHEGUDA,REPALLE,1
KACHEGUDA,TATANAGAR JN,1
KACHEGUDA,VISAKHAPATNAM,1
KADAMBATTUR,CHENNAI BEACH,1
KACHEGUDA,GUNTAKAL JN.,1
JHANSI JN,ITARSI,1
JHANSI JN,KANPUR CENTRAL JN.,1
JHANSI JN,KHAJAURAHO,1
JHANSI JN,MANIKPUR JN.,1
JHARGRAM,PHULWARTANR,1
JHARGRAM,SANTRAGACHI JN.,1
JHARSUGUDA JN.,GONDIA JN.,1
JHARSUGUDA JN.,HATIA,1
JHARSUGUDA JN.,ROURKELA,1
JIND JN,FIROZPUR CANTT JN.,1
JIND JN,HISAR JN,1
JIND JN,REWARI JN.,1
JIRIBAM,SILCHAR,1
JODHPUR JN.,AHMEDABAD,1
JODHPUR JN.,BANDRA TERMINUS,1
JOGBANI,KOLKATA,1
JODHPUR JN.,BHILDI JN,1
JODHPUR JN.,BILARA,1
JODHPUR JN.,CHENNAI EGMORE,1
JODHPUR JN.,DELHI JN.,1
JODHPUR JN.,GANDHIDHAM JN.,1
JODHPUR JN.,HARIDWAR JN,1
JODHPUR JN.,HISAR JN,1
JODHPUR JN.,HOWRAH JN.,1
JODHPUR JN.,JAIPUR JN.,1
JODHPUR JN.,KRANTIVIRA SANGOLLI RAYANNA (BENGALURU STATION),1
JODHPUR JN.,PALANPUR JN,1
JODHPUR JN.,PURI,1
JODHPUR JN.,REWARI JN.,1
JODHPUR JN.,VALSAD,1
JOGBANI,ANAND VIHAR TERMINAL,1
JODHPUR JN.,BATHINDA JN,1
LANJI GARH ROAD,JUNAGARH ROAD,1
LEDO,GUWAHATI,1
LEDO,TINSUKIA JN.,1
LINGAMPALLI,SECUNDERABAD JN.,1
LOKMANYA TILAK TERMINUS,AGRA CANTT,1
LOKMANYA TILAK TERMINUS,AJNI,1
LOKMANYA TILAK TERMINUS,ALLAHABAD JN.,1
LOKMANYA TILAK TERMINUS,AZAMGARH,1
LOKMANYA TILAK TERMINUS,BAREILLY JN.,1
LOKMANYA TILAK TERMINUS,BHAGALPUR,1
LOKMANYA TILAK TERMINUS,BHUBANESWAR,1
LOKMANYA TILAK TERMINUS,BIDAR,1
LOKMANYA TILAK TERMINUS,CHENNAI CENTRAL,1
LOKMANYA TILAK TERMINUS,CHHAPRA JN.,1
KATIHAR JN.,TELTA,1
LOKMANYA TILAK TERMINUS,DARBHANGA JN.,1
LOKMANYA TILAK TERMINUS,ERNAKULAM. JN,1
LOKMANYA TILAK TERMINUS,HABIBGANJ,1
LOKMANYA TILAK TERMINUS,HARIDWAR JN,1
LOKMANYA TILAK TERMINUS,HATIA,1
LOKMANYA TILAK TERMINUS,HAZRAT NIZAMUDDIN JN,1
LOKMANYA TILAK TERMINUS,JAYNAGAR,1
LOKMANYA TILAK TERMINUS,KAKINADA PORT,1
LOKMANYA TILAK TERMINUS,KARAIKAL,1
LOKMANYA TILAK TERMINUS,MADGOAN JN.,1
LOKMANYA TILAK TERMINUS,MADURAI JN,1
LOKMANYA TILAK TERMINUS,MANGALORE CENTRAL,1
LOKMANYA TILAK TERMINUS,MANMAD JN.,1
LOKMANYA TILAK TERMINUS,NANDED,1
LOKMANYA TILAK TERMINUS,NIZAMABAD,1
LOKMANYA TILAK TERMINUS,COIMBATORE  JN.,1
KRANTIVIRA SANGOLLI RAYANNA (BENGALURU STATION),KANNUR,1
KRANTIVIRA SANGOLLI RAYANNA (BENGALURU STATION),KARAIKAL,1
KRANTIVIRA SANGOLLI RAYANNA (BENGALURU STATION),KOCHUVELI,1
KRANTIVIRA SANGOLLI RAYANNA (BENGALURU STATION),KOLAR,1
KRANTIVIRA SANGOLLI RAYANNA (BENGALURU STATION),KUPPAM,1
KRANTIVIRA SANGOLLI RAYANNA (BENGALURU STATION),NAGERCOIL JN.,1
KRANTIVIRA SANGOLLI RAYANNA (BENGALURU STATION),NANDED,1
KRANTIVIRA SANGOLLI RAYANNA (BENGALURU STATION),NEW DELHI,1
KRANTIVIRA SANGOLLI RAYANNA (BENGALURU STATION),NEW TINSUKIA JN,1
KRANTIVIRA SANGOLLI RAYANNA (BENGALURU STATION),TIRUPATI,1
KRANTIVIRA SANGOLLI RAYANNA (BENGALURU STATION),WHITE FIELD,1
KRISHNA RAJA PURAM,BHUBANESWAR,1
KRISHNA RAJA PURAM,KACHEGUDA,1
KUMBAKONAM,THANJAVUR JN.,1
LALKUA JN.,HOWRAH JN.,1
KURDUVADI JN.,MIRAJ JN.,1
KURNOOL TOWN,GUNTAKAL JN.,1
KURNOOL TOWN,KACHEGUDA,1
KURNOOL TOWN,NANDYAL,1
KURUKSHETRA JN.,HAZRAT NIZAMUDDIN JN,1
KURUKSHETRA JN.,MATHURA JN.,1
KUSUNDA,DHANBAD JN.,1
KWAKDWIP,LAKSHMIKANTAPUR,1
LAKSHMIKANTAPUR,BARUIPUR JN.,1
LAKSHMIKANTAPUR,MAJERHAT,1
LALGARH JN.,ABOHAR,1
LALGARH JN.,JAISALMER,1
LALGUDI,TIRUCHIRAPPALLI JN.,1
LALKUA JN.,AMRITSAR JN.,1
LALKUA JN.,ANAND VIHAR TERMINAL,1
KUPPAM,BANGARPET JN.,1
LUCKNOW JN.,SHAHJAHANPUR JN,1
LUCKNOW JN.,SHRI MATA VAISHNO DEVI KATRA,1
LUCKNOW JN.,VARANASI CITY,1
LUDHIANA JN.,AMRITSAR JN.,1
LUDHIANA JN.,BHIWANI JN.,1
LUDHIANA JN.,JAKHAL JN.,1
LUDHIANA JN.,JALANDHAR CITY JN.,1
LUDHIANA JN.,NEW DELHI,1
LUMDING JN.,ALIPUR DUAR JN.,1
LUMDING JN.,GUWAHATI,1
LUMDING JN.,TINSUKIA JN.,1
MACHERLA,BHIMAVARAM JN.,1
MACHERLA,GUNTUR JN.,1
MACHERLA,NADIKUDE JN.,1
LOKMANYA TILAK TERMINUS,PARTAPGARH JN.,1
MACHILIPATNAM,TIRUPATI,1
MACHILIPATNAM,VISAKHAPATNAM,1
MACHILIPATNAM,YESVANTPUR JN.,1
MADANMAHAL,NAINPUR JN.,1
MADAR JN,KOLKATA,1
MADAR JN,UDAIPUR CITY,1
MADGOAN JN.,CHANDIGARH,1
MADGOAN JN.,CHHATRAPATI SHAHU MAHARAJ TERMINUS,1
MADGOAN JN.,DADAR,1
MADGOAN JN.,ERNAKULAM. JN,1
MADGOAN JN.,HAPA,1
MADGOAN JN.,LOKMANYA TILAK TERMINUS,1
MADGOAN JN.,RATNAGIRI,1
MADHYAM GRAM,MAJERHAT,1
MADHYAM GRAM,SEALDAH,1
MACHILIPATNAM,SECUNDERABAD JN.,1
LOKMANYA TILAK TERMINUS,PATLIPUTRA,1
LOKMANYA TILAK TERMINUS,RAJENDRANAGAR TERMINAL,1
LOKMANYA TILAK TERMINUS,RANCHI,1
LOKMANYA TILAK TERMINUS,SAWANTWADI ROAD,1
LOKMANYA TILAK TERMINUS,SECUNDERABAD JN.,1
LOKMANYA TILAK TERMINUS,SHALIMAR,1
LOKMANYA TILAK TERMINUS,SULTANPUR JN.,1
LOKMANYA TILAK TERMINUS,TATANAGAR JN,1
LOKMANYA TILAK TERMINUS,TRIVANDRUM CENTRAL,1
LONAVLA,SHIVAJINAGAR,1
LONDA JN.,MIRAJ JN.,1
LUCKNOW JN.,AGRA CANTT,1
LUCKNOW JN.,AHMEDABAD,1
LUCKNOW JN.,ALLAHABAD JN.,1
LUCKNOW JN.,BALAMAU JN.,1
LUCKNOW JN.,SAHARANPUR JN.,1
LUCKNOW JN.,BARAUNI JN.,1
LUCKNOW JN.,BHOPAL,1
LUCKNOW JN.,CHENNAI CENTRAL,1
LUCKNOW JN.,CST-MUMBAI,1
LUCKNOW JN.,GORAKHPUR JN.,1
LUCKNOW JN.,JABALPUR,1
LUCKNOW JN.,JAIPUR JN.,1
LUCKNOW JN.,KASGANJ JN.,1
LUCKNOW JN.,KATHGODAM,1
LUCKNOW JN.,MEERUT CITY JN.,1
LUCKNOW JN.,MUGHAL SARAI JN.,1
LUCKNOW JN.,NAKAHA JUNGLE,1
LUCKNOW JN.,PATLIPUTRA,1
LUCKNOW JN.,RAHIMABAD,1
LUCKNOW JN.,RAIPUR JN.,1
LUCKNOW JN.,BANDRA TERMINUS,1
KHARAGPUR,JAJPUR KEONJHAR ROAD,1
KHARAGPUR,KHURDA ROAD JN.,1
KHARAGPUR,NSC BOSE J GOMO,1
KHARAGPUR,PURULIA JN.,1
KHARAGPUR,VILLUPURAM JN.,1
KHIJADIYA JN,JUNAGADH JN,1
KHURDA ROAD JN.,KHARAGPUR,1
KISHANGANJ,AJMER JN.,1
KISHANGANJ,NEW JALPAIGURI JN,1
KIUL JN.,JASIDIH JN.,1
KIUL JN.,MOKAMA JN.,1
KIUL JN.,PATNA JN.,1
KOCHUVELI,AMRITSAR JN.,1
KOCHUVELI,BHAVNAGAR TERMINUS,1
KRANTIVIRA SANGOLLI RAYANNA (BENGALURU STATION),KANNIYAKUMARI,1
KOCHUVELI,CHANDIGARH,1
KOCHUVELI,DEHRA DUN,1
KOCHUVELI,HUBLI JN.,1
KOCHUVELI,INDORE BG,1
KOCHUVELI,KRANTIVIRA SANGOLLI RAYANNA (BENGALURU STATION),1
KOCHUVELI,MANGALORE JN,1
KOCHUVELI,NAGERCOIL JN.,1
KOCHUVELI,PORBANDAR,1
KODERMA,DHANBAD JN.,1
KODINAR,VERAVAL MG,1
KOLAGHAT,HOWRAH JN.,1
KOLAR,BANGALORE CANTT.,1
KOLAR,CHANNA PATNA,1
KOLAR,KRANTIVIRA SANGOLLI RAYANNA (BENGALURU STATION),1
KOLKATA,AHMEDABAD,1
KOCHUVELI,BIKANER JN.,1
KATNI,BHUSAVAL JN.,1
KATNI,BILASPUR JN.,1
KATNI,BINA,1
KATNI MURWARA,BINA,1
KATNI MURWARA,CHIRMIRI,1
KATPADI JN,ARAKKONAM JN,1
KATPADI JN,SALEM JN.,1
KATWA JN.,NIMTITA,1
KATWA JN.,RAMPUR HAT,1
KATWA JN.,SEALDAH,1
KAWR,MANGALORE CENTRAL,1
KAWR,YESVANTPUR JN.,1
KAYANKULAM JN,ALLEPPEY,1
KAZIPET JN.,AJNI,1
KAZIPET JN.,BALHARSHAH,1
KHARAGPUR,HATIA,1
KAZIPET JN.,MANUGURU,1
KAZIPET JN.,PUNE JN.,1
KAZIPET JN.,VIJAYWADA JN.,1
KAZIPET JN.,VISAKHAPATNAM,1
KENDRI,RAJIM,1
KENDUJHAR,BHUBANESWAR,1
KHAJAURAHO,BHOPAL,1
KHAJAURAHO,JHANSI JN,1
KHAJAURAHO,KANPUR CENTRAL JN.,1
KHAJAURAHO,UDAIPUR CITY,1
KHANODIH,BHOJUDIH JN.,1
KHARAGPUR,ADRA,1
KHARAGPUR,ASANSOL MAIN,1
KHARAGPUR,BELDA,1
KHARAGPUR,BHADRAKH,1
KAZIPET JN.,DORNAKAL JN.,1
KOTA,JAIPUR JN.,1
KOTA,MANDSOR,1
KOTA,NIMACH,1
KOTA,RATLAM JN,1
KOTA,SHRI GANGANAGAR,1
KOTA,SHRI MATA VAISHNO DEVI KATRA,1
KOTA,UDHAMPUR,1
KOTA,VADODARA JN.,1
KOTA,YAMUNA BRIDGE,1
KOTDWARA,DELHI JN.,1
KOTIPALLI,KAKINADA TOWN,1
KRANTIVIRA SANGOLLI RAYANNA (BENGALURU STATION),AJMER JN.,1
KRANTIVIRA SANGOLLI RAYANNA (BENGALURU STATION),ARAKKONAM JN,1
KRANTIVIRA SANGOLLI RAYANNA (BENGALURU STATION),ARSIKERE JN.,1
KOLKATA,AZAMGARH,1
KRANTIVIRA SANGOLLI RAYANNA (BENGALURU STATION),BHUBANESWAR,1
KRANTIVIRA SANGOLLI RAYANNA (BENGALURU STATION),CHAMRAJANAGAR,1
KRANTIVIRA SANGOLLI RAYANNA (BENGALURU STATION),CHHATRAPATI SHAHU MAHARAJ TERMINUS,1
KRANTIVIRA SANGOLLI RAYANNA (BENGALURU STATION),CST-MUMBAI,1
KRANTIVIRA SANGOLLI RAYANNA (BENGALURU STATION),DANAPUR,1
KRANTIVIRA SANGOLLI RAYANNA (BENGALURU STATION),DHARMAPURI,1
KRANTIVIRA SANGOLLI RAYANNA (BENGALURU STATION),DHARWAD,1
KRANTIVIRA SANGOLLI RAYANNA (BENGALURU STATION),GANDHIDHAM JN.,1
KRANTIVIRA SANGOLLI RAYANNA (BENGALURU STATION),HAZRAT NIZAMUDDIN JN,1
KRANTIVIRA SANGOLLI RAYANNA (BENGALURU STATION),HINDUPUR,1
KRANTIVIRA SANGOLLI RAYANNA (BENGALURU STATION),HOSPET JN.,1
KRANTIVIRA SANGOLLI RAYANNA (BENGALURU STATION),JODHPUR JN.,1
KRANTIVIRA SANGOLLI RAYANNA (BENGALURU STATION),JOLARPETTAI JN,1
KRANTIVIRA SANGOLLI RAYANNA (BENGALURU STATION),KACHEGUDA,1
KRANTIVIRA SANGOLLI RAYANNA (BENGALURU STATION),KAKINADA TOWN,1
KRANTIVIRA SANGOLLI RAYANNA (BENGALURU STATION),BHAGAT-KI-KOTHI,1
KOLKATA,BALURGHAT,1
KOLKATA,BARUIPUR JN.,1
KOLKATA,BIKANER JN.,1
KOLKATA,DARBHANGA JN.,1
KOLKATA,DIBRUGARH,1
KOLKATA,GEDE,1
KOLKATA,GUWAHATI,1
KOLKATA,HALDIBARI,1
KOLKATA,JAMMU TAWI,1
KOLKATA,JASIDIH JN.,1
KOLKATA,JAYNAGAR,1
KOLKATA,JOGBANI,1
KOLKATA,MADAR JN,1
KOLKATA,MUZAFFARPUR JN.,1
KOLKATA,NANGAL DAM,1
KOTA,INDORE BG,1
KOLKATA,PURI,1
KOLKATA,RADHIKAPUR,1
KOLKATA,UDAIPUR CITY,1
KORAPUT JN.,ROURKELA,1
KORAPUT JN.,SAMBALPUR JN.,1
KORBA,BILASPUR JN.,1
KORBA,TRIVANDRUM CENTRAL,1
KORBA,VISAKHAPATNAM,1
KORBA,YESVANTPUR JN.,1
KOSI KALAN,AGRA CANTT,1
KOSI KALAN,GHAZIABAD JN.,1
KOSI KALAN,HAZRAT NIZAMUDDIN JN,1
KOSI KALAN,NEW DELHI,1
KOTA,BHIND,1
KOTA,BINA,1
KOLKATA,PETRAPOLE,1
GUDUR JN.,SECUNDERABAD JN.,1
GUDUR JN.,TIRUPATI,1
GUDUR JN.,VIJAYWADA JN.,1
GULBARGA,SOLAPUR,1
GULBARGA,WADI JN.,1
GUMMIDIPUNDI,SULLURUPETTA,1
GUNTAKAL JN.,BELLARY JN.,1
GUNTAKAL JN.,CHIKJAJUR JN.,1
GUNTAKAL JN.,GULBARGA,1
GUNTAKAL JN.,HINDUPUR,1
GUNTAKAL JN.,HYDERABAD DECCAN,1
GUNTAKAL JN.,KACHEGUDA,1
GUNTAKAL JN.,KURNOOL TOWN,1
GUNTAKAL JN.,TIRUPATI,1
JAMMU TAWI,AHMEDABAD,1
GUNTUR JN.,NARASAPUR,1
GUNTUR JN.,TIRUPATI,1
GUNTUR JN.,VIKRABAD JN.,1
GUNTUR JN.,VISAKHAPATNAM,1
GUNUPUR,PALASA,1
GUNUPUR,PURI,1
GUNUPUR,ROURKELA,1
GUNUPUR,VISAKHAPATNAM,1
GURAP,HOWRAH JN.,1
GURUVAYUR,CHENNAI EGMORE,1
GURUVAYUR,EDAMANN,1
GURUVAYUR,TRIVANDRUM CENTRAL,1
GUWAHATI,ALIPUR DUAR JN.,1
GUWAHATI,ANAND VIHAR TERMINAL,1
GUWAHATI,BANGALORE CANTT.,1
GUNTUR JN.,DHONE JN,1
GONDIA JN.,JHARSUGUDA JN.,1
GONDIA JN.,RAIGARH,1
GONDIA JN.,RAIPUR JN.,1
GONDIA JN.,WADSA,1
GONDIA JN.,WARASEONI,1
GORAKHPUR JN.,AHMEDABAD,1
GORAKHPUR JN.,AMRITSAR JN.,1
GORAKHPUR JN.,ASANSOL MAIN,1
GORAKHPUR JN.,AYODHYA,1
GORAKHPUR JN.,BADSHAHNAGAR,1
GORAKHPUR JN.,BASTI,1
GORAKHPUR JN.,BETTIAH,1
GORAKHPUR JN.,CST-MUMBAI,1
GORAKHPUR JN.,DEHRA DUN,1
GUDUR JN.,RENIGUNTA JN.,1
GORAKHPUR JN.,HATIA,1
GORAKHPUR JN.,HISAR JN,1
GORAKHPUR JN.,JAMMU TAWI,1
GORAKHPUR JN.,KANPUR ANWARGANJ,1
GORAKHPUR JN.,KAPTANGANJ JN.,1
GORAKHPUR JN.,LUCKNOW JN.,1
GORAKHPUR JN.,MANDUADIH,1
GORAKHPUR JN.,OKHA,1
GORAKHPUR JN.,PANVEL,1
GORAKHPUR JN.,PATLIPUTRA,1
GORAKHPUR JN.,SECUNDERABAD JN.,1
GORAKHPUR JN.,SHALIMAR,1
GORAKHPUR JN.,TRIVANDRUM CENTRAL,1
GUDUM,DURG,1
GUDUR JN.,ONGOLE,1
GORAKHPUR JN.,GOMTINAGAR F,1
HAJIPUR JN.,BARAUNI JN.,1
HAJIPUR JN.,BATHUA BAZAR HALT,1
HAJIPUR JN.,KATIHAR JN.,1
HALDIA,ANAND VIHAR TERMINAL,1
HALDIA,ASANSOL MAIN,1
HALDIA,CHENNAI CENTRAL,1
HALDIA,PANSKURA,1
HALDIBARI,KOLKATA,1
HALDIBARI,RANINAGAR JALPAIGURI,1
HALDIBARI,SILIGURI JN.,1
HANSDIHA,DUMKA,1
HAPA,BILASPUR JN.,1
HAPA,MADGOAN JN.,1
HAPA,OKHA,1
GUWAHATI,BARMER,1
HAPA,SURAT,1
HARI PAL,HOWRAH JN.,1
HARIDWAR JN,AHMEDABAD,1
HARIDWAR JN,ALLAHABAD JN.,1
HARIDWAR JN,AMBALA CANTT JN,1
HARIDWAR JN,AMRITSAR JN.,1
HARIDWAR JN,BANDRA TERMINUS,1
HARIDWAR JN,DELHI JN.,1
HARIDWAR JN,HISAR JN,1
HARIDWAR JN,HOWRAH JN.,1
HARIDWAR JN,JODHPUR JN.,1
HARIDWAR JN,LOKMANYA TILAK TERMINUS,1
HARIDWAR JN,PURI,1
HARIDWAR JN,RAMNAGAR,1
HARIDWAR JN,SHRI GANGANAGAR,1
HAPA,SHRI MATA VAISHNO DEVI KATRA,1
GUWAHATI,DIBRUGARH,1
GUWAHATI,HAIBARGAON,1
GUWAHATI,HOWRAH JN.,1
GUWAHATI,JORHAT TOWN,1
GUWAHATI,KOLKATA,1
GUWAHATI,LEDO,1
GUWAHATI,LUMDING JN.,1
GUWAHATI,MAIRABARI,1
GUWAHATI,MARIANI JN.,1
GUWAHATI,MENDIPATHAR,1
GUWAHATI,NEW DELHI,1
GUWAHATI,OKHA,1
GUWAHATI,SEALDAH,1
GUWAHATI,SECUNDERABAD JN.,1
GUWAHATI,SILGHAT TOWN,1
HAIBARGAON,GUWAHATI,1
GWALIOR (NG),SHEOPUR KALAN,1
GWALIOR JN,AGRA CANTT,1
GWALIOR JN,"BALRAMPUR,",1
GWALIOR JN,BARAUNI JN.,1
GWALIOR JN,BHOPAL,1
GWALIOR JN,BINA,1
GWALIOR JN,HOWRAH JN.,1
GWALIOR JN,INDORE BG,1
GWALIOR JN,PUNE JN.,1
GWALIOR JN,VARANASI JN.,1
HABIBGANJ,HAZRAT NIZAMUDDIN JN,1
HABIBGANJ,LOKMANYA TILAK TERMINUS,1
HABIBGANJ,NEW DELHI,1
HABIBGANJ,REWA,1
HABRA,MAJERHAT,1
GUWAHATI,TAMBARAM,1
ERNAKULAM. JN,MADGOAN JN.,1
ERNAKULAM. JN,NILAMBUR ROAD,1
ERNAKULAM. JN,OKHA,1
ERNAKULAM. JN,PALAKKAD JN,1
ERNAKULAM. JN,SHORANUR JN.,1
ERNAKULAM. JN,TRIVANDRUM CENTRAL,1
ERNAKULAM. JN,YESVANTPUR JN.,1
ERODE JN.,CHENNAI CENTRAL,1
ERODE JN.,COIMBATORE  JN.,1
ERODE JN.,METTUR DAM,1
ERODE JN.,PALGHAT TOWN,1
ETAWAH,BHIND,1
ETAWAH,JHANSI JN,1
ETAWAH,KANPUR CENTRAL JN.,1
GONDIA JN.,DURG,1
FAIZABAD JN.,DELHI JN.,1
FAIZABAD JN.,KANPUR ANWARGANJ,1
FAIZABAD JN.,MANKAPUR JN.,1
FAIZABAD JN.,MUGHAL SARAI JN.,1
FAIZABAD JN.,RAMESWARAM,1
FALAKNUMA,BHONGIR,1
FALAKNUMA,BOLARUM,1
FALAKNUMA,GULBARGA,1
FALAKNUMA,JANGAON,1
FALAKNUMA,MANOHARABAD,1
FARRUKHABAD JN,CHHAPRA JN.,1
FARRUKHABAD JN,TUNDLA JN,1
FARUKHNAGAR,DELHI JN.,1
FARUKHNAGAR,SAHARANPUR JN.,1
FATEHPUR,KANPUR CENTRAL JN.,1
ETAWAH,TUNDLA JN,1
DULLABCHERRA,BADARPUR JN.,1
DULLABCHERRA,SILCHAR,1
DUM DUM JN.,BARRACKPORE,1
DUM DUM JN.,DANKUNI JN.,1
DUM DUM JN.,GOBARDANGA,1
DUM DUM JN.,SEALDAH,1
DUMDUM CANTONMENT,SEALDAH,1
DUMKA,HANSDIHA,1
DUMKA,RANCHI,1
DURAUNDHA JN,CHHAPRA JN.,1
DURG,AJMER JN.,1
DURG,AMBIKAPUR,1
DURG,BHOPAL,1
DURG,CHHAPRA JN.,1
DURG,JAGADALPUR,1
ERNAKULAM. JN,LOKMANYA TILAK TERMINUS,1
DURG,KANPUR CENTRAL JN.,1
DURG,PURI,1
DURG,RAJENDRANAGAR TERMINAL,1
DURG,VISAKHAPATNAM,1
DURGAPUR,ASANSOL MAIN,1
EDAMANN,GURUVAYUR,1
ENNORE,TIRUVALLUR,1
ERNAKULAM. JN,AJMER JN.,1
ERNAKULAM. JN,BARAUNI JN.,1
ERNAKULAM. JN,BILASPUR JN.,1
ERNAKULAM. JN,CHENNAI CENTRAL,1
ERNAKULAM. JN,HATIA,1
ERNAKULAM. JN,HOWRAH JN.,1
ERNAKULAM. JN,KANNUR,1
ERNAKULAM. JN,KARAIKAL,1
DURG,JAIPUR JN.,1
GAYA JN.,BAKHTIYARPUR JN.,1
GAYA JN.,CHENNAI EGMORE,1
GAYA JN.,DHANBAD JN.,1
GAYA JN.,HOWRAH JN.,1
GAYA JN.,JHAJHA,1
GAYA JN.,KAMAKHYA JN,1
GAYA JN.,KODERMA,1
GAYA JN.,MUGHAL SARAI JN.,1
GAYA JN.,NEW DELHI,1
GEDE,KOLKATA,1
GEDE,MAJERHAT,1
GEVRA-ROAD,NAGPUR JN.(CR),1
GHATSILA,HOWRAH JN.,1
GHAZIABAD JN.,HAZRAT NIZAMUDDIN JN,1
FATEHPUR-SHEKHAWATI,SIKAR JN.,1
GHAZIABAD JN.,MATHURA JN.,1
GHAZIABAD JN.,PANIPAT JN.,1
GHAZIABAD JN.,SHAKUR BASTI,1
GHAZIPUR CITY,BANDRA TERMINUS,1
GHAZIPUR CITY,PRAYAG JN.,1
GHAZIPUR CITY,SHRI MATA VAISHNO DEVI KATRA,1
GHAZIPUR CITY,VARANASI JN.,1
GOBARDANGA,BARASAT JN.,1
GODHRA JN.,VADODARA JN.,1
GONDA JN.,ASANSOL MAIN,1
GONDA JN.,VARANASI JN.,1
GONDIA JN.,BARAUNI JN.,1
GONDIA JN.,CHHATRAPATI SHAHU MAHARAJ TERMINUS,1
GONDIA JN.,CST-MUMBAI,1
GONDIA JN.,DONGAR GARH,1
GHAZIABAD JN.,KOSI KALAN,1
FATUHA,BUXAR,1
FATUHA,ISLAMPUR,1
FATUHA,RAJGIR,1
FAZILKA JN.,DELHI JN.,1
FAZILKA JN.,REWARI JN.,1
FIROZPUR CANTT JN.,CHANDIGARH,1
FIROZPUR CANTT JN.,CST-MUMBAI,1
FIROZPUR CANTT JN.,DELHI JN.,1
FIROZPUR CANTT JN.,DELHI-SARAI ROHILLA,1
FIROZPUR CANTT JN.,DHANBAD JN.,1
FIROZPUR CANTT JN.,JIND JN,1
FIROZPUR CANTT JN.,MUMBAI CENTRAL,1
FIROZPUR CANTT JN.,NEW DELHI,1
FIROZPUR CANTT JN.,SHRI GANGANAGAR,1
FURKATING JN.,DIBRUGARH,1
GAYA JN.,ANAND VIHAR TERMINAL,1
GADWAL,RAICHUR,1
GAJRAULA JN.,MORADABAD JN.,1
GANDHIDHAM JN.,HOWRAH JN.,1
GANDHIDHAM JN.,JODHPUR JN.,1
GANDHIDHAM JN.,KAMAKHYA JN,1
GANDHIDHAM JN.,KRANTIVIRA SANGOLLI RAYANNA (BENGALURU STATION),1
GANDHIDHAM JN.,NAGERCOIL JN.,1
GANDHIDHAM JN.,PALANPUR JN,1
GANDHIDHAM JN.,VISAKHAPATNAM,1
GANDHINAGAR CAPITAL,AHMEDABAD,1
GANDHINAGAR CAPITAL,ANAND JN.,1
GANDHINAGAR CAPITAL,INDORE BG,1
GARBETA,ADRA,1
GARBETA,RANCHI,1
GARWA ROAD JN.,SINGRAULI,1
GADAG JN.,SOLAPUR,1
INDORE BG,DELHI-SARAI ROHILLA,1
INDORE BG,GANDHINAGAR CAPITAL,1
INDORE BG,GWALIOR JN,1
INDORE BG,HOWRAH JN.,1
INDORE BG,JAIPUR JN.,1
INDORE BG,JAMMU TAWI,1
INDORE BG,JODHPUR JN.,1
INDORE BG,KOCHUVELI,1
INDORE BG,MAKSI JN,1
INDORE BG,NAGDA JN,1
INDORE BG,SHRI MATA VAISHNO DEVI KATRA,1
INDORE BG,TRIVANDRUM CENTRAL,1
INDORE BG,UDAIPUR CITY,1
INDORE BG,UJJAIN JN,1
HARIDWAR JN,VALSAD,1
ISLAMPUR,FATUHA,1
ISLAMPUR,NEW DELHI,1
ITARSI,BHUSAVAL JN.,1
ITARSI,CHHEOKI,1
ITARSI,JHANSI JN,1
ITARSI,NAGPUR JN.(CR),1
ITWARI JN.,RAIPUR JN.,1
ITWARI JN.,TATANAGAR JN,1
ITWARI JN.,TIRODI,1
JABALPUR,AJMER JN.,1
JABALPUR,AMBIKAPUR,1
JABALPUR,AMRAVATI,1
JABALPUR,ATARI JN,1
JABALPUR,BANDRA TERMINUS,1
JABALPUR,CST-MUMBAI,1
INDORE BG,YESVANTPUR JN.,1
HUBLI JN.,SECUNDERABAD JN.,1
HUBLI JN.,TIRUPATI,1
HUBLI JN.,VARANASI JN.,1
HUMNABAD,BIDAR,1
HYDERABAD DECCAN,AJMER JN.,1
HYDERABAD DECCAN,AURANGABAD,1
HYDERABAD DECCAN,BIJAPUR JN,1
HYDERABAD DECCAN,CHHATRAPATI SHAHU MAHARAJ TERMINUS,1
HYDERABAD DECCAN,GUNTAKAL JN.,1
HYDERABAD DECCAN,HAZRAT NIZAMUDDIN JN,1
HYDERABAD DECCAN,HOWRAH JN.,1
HYDERABAD DECCAN,KAZIPET JN.,1
HYDERABAD DECCAN,NARASAPUR,1
HYDERABAD DECCAN,NEW DELHI,1
INDORE BG,DEHRA DUN,1
HYDERABAD DECCAN,PUNE JN.,1
HYDERABAD DECCAN,PURNA  JN.,1
HYDERABAD DECCAN,RAXAUL JN.,1
HYDERABAD DECCAN,SIRPURKAGHAZ NAGAR,1
HYDERABAD DECCAN,TANDUR,1
HYDERABAD DECCAN,TRIVANDRUM CENTRAL,1
HYDERABAD DECCAN,VISAKHAPATNAM,1
HYDERABAD DECCAN,WARANGAL,1
IGATPURI,MANMAD JN.,1
INDORE BG,AMRITSAR JN.,1
INDORE BG,BAREILLY JN.,1
INDORE BG,BHIND,1
INDORE BG,BILASPUR JN.,1
INDORE BG,CHANDIGARH,1
INDORE BG,CHHINWARA JN,1
HYDERABAD DECCAN,PARBHANI JN.,1
JAIPUR JN.,NAGPUR JN.(CR),1
JAIPUR JN.,OKHA,1
JAIPUR JN.,PHULERA JN.,1
JAIPUR JN.,PUNE JN.,1
JAIPUR JN.,SECUNDERABAD JN.,1
JAIPUR JN.,SHALIMAR,1
JAIPUR JN.,SURATGARH JN.,1
JAIPUR JN.,YESVANTPUR JN.,1
JAISALMER,BANDRA TERMINUS,1
JAISALMER,DELHI JN.,1
JAISALMER,HOWRAH JN.,1
JAISALMER,JAIPUR JN.,1
JAISALMER,KATHGODAM,1
JAISALMER,LALGARH JN.,1
JABALPUR,HOWRAH JN.,1
JAKHAL JN.,DELHI JN.,1
JAKHAL JN.,LUDHIANA JN.,1
JAKLAIR,MAHBUBNAGAR,1
JALANDHAR CITY JN.,AMBALA CANTT JN,1
JALANDHAR CITY JN.,AMRITSAR JN.,1
JALANDHAR CITY JN.,LUDHIANA JN.,1
JALANDHAR CITY JN.,MANANWALA,1
JALANDHAR CITY JN.,NEW DELHI,1
JALNA,DADAR,1
JALNA,SAI NAGAR SHIRDI,1
JAMALPUR JN.,GAYA JN.,1
JAMALPUR JN.,HOWRAH JN.,1
JAMALPUR JN.,MALDA TOWN,1
JAMALPUR JN.,RAMPUR HAT,1
JAMALPUR JN.,SAHARSA JN.,1
JAJPUR KEONJHAR ROAD,KHARAGPUR,1
JABALPUR,LUCKNOW JN.,1
JABALPUR,MANDUADIH,1
JABALPUR,NAINPUR JN.,1
JABALPUR,NEW DELHI,1
JABALPUR,PUNE JN.,1
JABALPUR,SANTRAGACHI JN.,1
JABALPUR,SHRI MATA VAISHNO DEVI KATRA,1
JABALPUR,SINGRAULI,1
JABALPUR,YESVANTPUR JN.,1
JAGADALPUR,BHUBANESWAR,1
JAGADALPUR,DURG,1
JAGADALPUR,HOWRAH JN.,1
JAGITYAL,KARIM NAGAR,1
JAGITYAL,PEDDAPALLI,1
JAIPUR JN.,AGRA  FORT,1
JAIPUR JN.,MYSORE JN.,1
JAIPUR JN.,ALWAR JN.,1
JAIPUR JN.,BAYANA,1
JAIPUR JN.,BHOPAL,1
JAIPUR JN.,CHANDIGARH,1
JAIPUR JN.,CHENNAI CENTRAL,1
JAIPUR JN.,COIMBATORE  JN.,1
JAIPUR JN.,DELHI-SARAI ROHILLA,1
JAIPUR JN.,DURG,1
JAIPUR JN.,INDORE BG,1
JAIPUR JN.,JAISALMER,1
JAIPUR JN.,JODHPUR JN.,1
JAIPUR JN.,KAMAKHYA JN,1
JAIPUR JN.,KOTA,1
JAIPUR JN.,LUCKNOW JN.,1
JAIPUR JN.,MATHURA JN.,1
JAIPUR JN.,AHMEDABAD,1
HAZRAT NIZAMUDDIN JN,JHANSI JN,1
HAZRAT NIZAMUDDIN JN,KANNIYAKUMARI,1
HAZRAT NIZAMUDDIN JN,KRANTIVIRA SANGOLLI RAYANNA (BENGALURU STATION),1
HAZRAT NIZAMUDDIN JN,KURUKSHETRA JN.,1
HAZRAT NIZAMUDDIN JN,LOKMANYA TILAK TERMINUS,1
HAZRAT NIZAMUDDIN JN,MADURAI JN,1
HAZRAT NIZAMUDDIN JN,MANIKPUR JN.,1
HAZRAT NIZAMUDDIN JN,MUMBAI CENTRAL,1
HAZRAT NIZAMUDDIN JN,MYSORE JN.,1
HAZRAT NIZAMUDDIN JN,PALWAL,1
HAZRAT NIZAMUDDIN JN,RAIGARH,1
HAZRAT NIZAMUDDIN JN,SHAKUR BASTI,1
HAZRAT NIZAMUDDIN JN,SINGRAULI,1
HAZRAT NIZAMUDDIN JN,TIRUPATI,1
HUBLI JN.,LONDA JN.,1
HAZRAT NIZAMUDDIN JN,VASCO-DA-GAMA,1
HINDUPUR,GUNTAKAL JN.,1
HINDUPUR,KRANTIVIRA SANGOLLI RAYANNA (BENGALURU STATION),1
HISAR JN,AMRITSAR JN.,1
HISAR JN,BANDRA TERMINUS,1
HISAR JN,BIKANER JN.,1
HISAR JN,GORAKHPUR JN.,1
HISAR JN,HARIDWAR JN,1
HISAR JN,JIND JN,1
HISAR JN,JODHPUR JN.,1
HOSHIARPUR,AMRITSAR JN.,1
HOSHIARPUR,DELHI JN.,1
HOSPET JN.,KRANTIVIRA SANGOLLI RAYANNA (BENGALURU STATION),1
HOWRAH JN.,ADRA,1
HOWRAH JN.,AHMEDABAD,1
HAZRAT NIZAMUDDIN JN,UDAIPUR CITY,1
HARIHAR JN.,CHITRADURG,1
HARIHAR JN.,YESVANTPUR JN.,1
HASANABAD,BENOY BADAL DINESH BAG,1
HASANABAD,DUM DUM JN.,1
HASANABAD,PRINCEP GHAT,1
HASSAN JN.,YESVANTPUR JN.,1
HATHRAS JN.,HATHRAS QILAH,1
HATHRAS QILAH,DELHI JN.,1
HATHRAS QILAH,HATHRAS JN.,1
HATIA,BANGALORE CANTT.,1
HATIA,BARDDHAMAN JN.,1
HATIA,ERNAKULAM. JN,1
HATIA,GORAKHPUR JN.,1
HATIA,HOWRAH JN.,1
HATIA,JHARSUGUDA JN.,1
HAZRAT NIZAMUDDIN JN,HYDERABAD DECCAN,1
HATIA,LOKMANYA TILAK TERMINUS,1
HATIA,PURI,1
HATIA,ROURKELA,1
HATIA,TATANAGAR JN,1
HATIA,YESVANTPUR JN.,1
HAZARIBAGH ROAD,GAYA JN.,1
HAZRAT NIZAMUDDIN JN,AGRA CANTT,1
HAZRAT NIZAMUDDIN JN,AHMEDABAD,1
HAZRAT NIZAMUDDIN JN,AJMER JN.,1
HAZRAT NIZAMUDDIN JN,AMBALA CANTT JN,1
HAZRAT NIZAMUDDIN JN,BHUSAVAL JN.,1
HAZRAT NIZAMUDDIN JN,CHHATRAPATI SHAHU MAHARAJ TERMINUS,1
HAZRAT NIZAMUDDIN JN,COIMBATORE  JN.,1
HAZRAT NIZAMUDDIN JN,GHAZIABAD JN.,1
HAZRAT NIZAMUDDIN JN,HABIBGANJ,1
HATIA,KHARAGPUR,1
HOWRAH JN.,KATHGODAM,1
HOWRAH JN.,KOLAGHAT,1
HOWRAH JN.,LALKUA JN.,1
HOWRAH JN.,MATHURA JN.,1
HOWRAH JN.,MOKAMA JN.,1
HOWRAH JN.,MUZAFFARPUR JN.,1
HOWRAH JN.,MYSORE JN.,1
HOWRAH JN.,PATNA JN.,1
HOWRAH JN.,PONDICHERRY,1
HOWRAH JN.,PORBANDAR,1
HOWRAH JN.,PUNDOOAH,1
HOWRAH JN.,RAJENDRANAGAR TERMINAL,1
HOWRAH JN.,RAJGIR,1
HOWRAH JN.,SAI NAGAR SHIRDI,1
HOWRAH JN.,ALLAHABAD CITY,1
HOWRAH JN.,SECUNDERABAD JN.,1
HOWRAH JN.,SHRI GANGANAGAR,1
HOWRAH JN.,SRI SATYA SAI PRASANTI NILAYAM,1
HOWRAH JN.,TATANAGAR JN,1
HOWRAH JN.,TIRUCHIRAPPALLI JN.,1
HOWRAH JN.,TITLA GARH JN.,1
HOWRAH JN.,VASCO-DA-GAMA,1
HOWRAH JN.,VIJAYWADA JN.,1
HUBLI JN.,ARSIKERE JN.,1
HUBLI JN.,BELGAUM,1
HUBLI JN.,BELLARY JN.,1
HUBLI JN.,BIJAPUR JN,1
HUBLI JN.,CHENNAI CENTRAL,1
HUBLI JN.,DHARWAD,1
HUBLI JN.,KOCHUVELI,1
HOWRAH JN.,SAMBALPUR JN.,1
HOWRAH JN.,ASANSOL MAIN,1
HOWRAH JN.,BALICHAK,1
HOWRAH JN.,BALURGHAT,1
HOWRAH JN.,BARBIL,1
HOWRAH JN.,BARUI PARA,1
HOWRAH JN.,BHADRAKH,1
HOWRAH JN.,BHUBANESWAR,1
HOWRAH JN.,CHAKARADHARPUR,1
HOWRAH JN.,DARBHANGA JN.,1
HOWRAH JN.,DIBRUGARH,1
HOWRAH JN.,ERNAKULAM. JN,1
HOWRAH JN.,GANDHIDHAM JN.,1
HOWRAH JN.,GAYA JN.,1
HOWRAH JN.,GHATSILA,1
HOWRAH JN.,GURAP,1
HOWRAH JN.,KANNIYAKUMARI,1
HOWRAH JN.,GWALIOR JN,1
HOWRAH JN.,HARI PAL,1
HOWRAH JN.,HARIDWAR JN,1
HOWRAH JN.,HATIA,1
HOWRAH JN.,HYDERABAD DECCAN,1
HOWRAH JN.,INDORE BG,1
HOWRAH JN.,JABALPUR,1
HOWRAH JN.,JAGADALPUR,1
HOWRAH JN.,JAISALMER,1
HOWRAH JN.,JALESWAR,1
HOWRAH JN.,JAMALPUR JN.,1
HOWRAH JN.,JAMMU TAWI,1
HOWRAH JN.,JAYNAGAR,1
HOWRAH JN.,JODHPUR JN.,1
HOWRAH JN.,KALKA,1
HOWRAH JN.,GUWAHATI,1
